05ccfe5c-d761-4c11-9909-352f2a0105a7,160179,511b7aea-f588-4039-b9d1-d05429b05fc4,Boston
06a34d1f-86ba-4f6a-90c4-74858520c9f0,150277,b4e26985-65e4-46ce-943c-39cc2a1688be,Port Augusta West
07040823-341d-4e1a-8e84-e4624aa0ffb2,1234567890,18535c32-beba-485b-a22c-266a9b632ed2,Endeavour Heights
074d03f1-e62d-4c99-aa3c-150f5f0ad2c4,1756616536,,Tumby bay
08dfc894-3e20-4044-90f1-3e47706cef7d,1234567890,b062ad70-b9cc-4b06-a305-6a7945afc99a,Boston
0c24a17a-6fa0-4b58-87ee-e1f3e10b9c4d,150274,b4e26985-65e4-46ce-943c-39cc2a1688be,Port Augusta West
0d62212d-a5db-47c7-9006-e8777fe9e8f6,160162,1fe9e6e8-806f-45f2-94d9-5641b3f8f9bf,
100adc30-9ba2-4712-895b-3dfb99e626e2,160162,1fe9e6e8-806f-45f2-94d9-5641b3f8f9bf,Tiatuckia
13f47bfa-924b-427a-833f-5aacb7b69a23,140476,b4e26985-65e4-46ce-943c-39cc2a1688be,Port Augusta West
155b9ea1-fd46-4422-bbd1-15fc8c4c13ca,140460,b4e26985-65e4-46ce-943c-39cc2a1688be,Port Augusta West
1594b0e7-f65e-47b5-88da-069a02678527,1756616536,28c404c6-b69b-11e5-a3ef-ca8d614123eb,Tumby Bay
1734e8e2-2835-4dd4-bd3a-6d21f9e3ae58,Non-ozzikleen,70350685-275d-48c3-bcda-0e72dac763db,Port Kenny
1904e8e3-72a2-4b2a-9023-9476b99a0b7d,1234567890,16dc5423-a19a-469c-a042-58fa0aa69319,Port Augusta
1a5be73f-9917-4f0c-9cb1-65ba71e1ffc7,1111111111111,,Cowell
1b413368-c5bd-4288-a1c2-408fc6119c6d,55050750 B3692 Biocycle,3428afb1-95e4-4a21-86da-7de5638855ac,Charlton Gully
1c2074ae-73cf-4c2b-a427-1d73a1e39946,150275,be5ecee2-d44a-4dbb-b8ce-25ae2d137958,Port Augusta West
1d323331-df48-400e-a4c6-a926b43571c3,1234567890,28c340b8-b69b-11e5-a3ef-ca8d614123eb,Ceduna
1de2d280-ddd4-4835-9dbf-303c93430ec6,151548,db062d68-01d9-4b7f-9849-95125340b862,Ceduna Waters
1f1ec21b-398b-4de9-a6da-f06c98155f80,180170,9e7cd86f-9bad-43ca-879d-a55ce9c09988,Mangalo
20000f23-c2c9-4e54-abda-001fe42b0e27,150320,b4e26985-65e4-46ce-943c-39cc2a1688be,Port Augusta West
217ae066-2554-42fd-9b6f-5a8223a408f2,150565,52e97338-f58e-490b-b68d-8b42aeb8c9ed,Ceduna
22d6bb6b-8349-433d-8a1d-019ea727e7b5,1160546,4395aab7-2206-49fc-bb28-f34a684ab89c,Port Lincoln
28a262ae-3487-4fcc-9d1b-4821367faa02,150581,8762cf52-6284-4b82-bf05-b79104ad61f8,Ceduna
28df028a-b69b-11e5-a3ef-ca8d614123eb,101139924,28c36782-b69b-11e5-a3ef-ca8d614123eb,TIATUCKIA
28df0410-b69b-11e5-a3ef-ca8d614123eb,1025410064,28c4cc1c-b69b-11e5-a3ef-ca8d614123eb,
28df04d8-b69b-11e5-a3ef-ca8d614123eb,1026110071,28c36a20-b69b-11e5-a3ef-ca8d614123eb,KAPINNIE
28df0582-b69b-11e5-a3ef-ca8d614123eb,1026310073,28c43fd6-b69b-11e5-a3ef-ca8d614123eb,PANORAMIC
28df062c-b69b-11e5-a3ef-ca8d614123eb,1027810088,28c48360-b69b-11e5-a3ef-ca8d614123eb,MINNIPA
28df06cc-b69b-11e5-a3ef-ca8d614123eb,1028910099,28c173aa-b69b-11e5-a3ef-ca8d614123eb,TIATUCKIA
28df076c-b69b-11e5-a3ef-ca8d614123eb,1029010100,28c9d734-b69b-11e5-a3ef-ca8d614123eb,WANGARY
28df080c-b69b-11e5-a3ef-ca8d614123eb,1029210102,28c3ad28-b69b-11e5-a3ef-ca8d614123eb,WHYALLA
28df09ce-b69b-11e5-a3ef-ca8d614123eb,1029610106,28c411f0-b69b-11e5-a3ef-ca8d614123eb,ARNO BAY
28df0a6e-b69b-11e5-a3ef-ca8d614123eb,1032810138,28c65460-b69b-11e5-a3ef-ca8d614123eb,WHYALLA
28df0b04-b69b-11e5-a3ef-ca8d614123eb,1033710147,28c9c37a-b69b-11e5-a3ef-ca8d614123eb,WHYALLA
28df0ba4-b69b-11e5-a3ef-ca8d614123eb,1047810284,28c51cf8-b69b-11e5-a3ef-ca8d614123eb,BOSTON
28df0c3a-b69b-11e5-a3ef-ca8d614123eb,1048610292,28c14312-b69b-11e5-a3ef-ca8d614123eb,COWELL
28df0cd0-b69b-11e5-a3ef-ca8d614123eb,1048710293,28ca4bd8-b69b-11e5-a3ef-ca8d614123eb,ELLISTON
28df0d70-b69b-11e5-a3ef-ca8d614123eb,1048810294,28c29f32-b69b-11e5-a3ef-ca8d614123eb,BOSTON
28df0e06-b69b-11e5-a3ef-ca8d614123eb,1048910295,28c42316-b69b-11e5-a3ef-ca8d614123eb,TUMBY BAY
28df0e9c-b69b-11e5-a3ef-ca8d614123eb,1049210299,28c36944-b69b-11e5-a3ef-ca8d614123eb,ELLISTON
28df0f3c-b69b-11e5-a3ef-ca8d614123eb,105801385,c0de97eb-2b1c-480c-a436-b7601e830fce,PORT LINCOLN
28df0fd2-b69b-11e5-a3ef-ca8d614123eb,1077310576,28c438f6-b69b-11e5-a3ef-ca8d614123eb,SHERINGA
28df1036-b69b-11e5-a3ef-ca8d614123eb,1077410577,28c42dc0-b69b-11e5-a3ef-ca8d614123eb,BOSTON
28df10a4-b69b-11e5-a3ef-ca8d614123eb,1077510578,28ca2414-b69b-11e5-a3ef-ca8d614123eb,WANGARY
28df1108-b69b-11e5-a3ef-ca8d614123eb,1078710590,28c9e062-b69b-11e5-a3ef-ca8d614123eb,PORT LINCOLN
28df1162-b69b-11e5-a3ef-ca8d614123eb,1079010593,28c4791a-b69b-11e5-a3ef-ca8d614123eb,MOUNT HOPE
28df11c6-b69b-11e5-a3ef-ca8d614123eb,1079110594,28c3fa12-b69b-11e5-a3ef-ca8d614123eb,KELLIDIE BAY
28df122a-b69b-11e5-a3ef-ca8d614123eb,1079610599,28c32e7a-b69b-11e5-a3ef-ca8d614123eb,BOSTON
28df1284-b69b-11e5-a3ef-ca8d614123eb,1087410676,28c02e5a-b69b-11e5-a3ef-ca8d614123eb,PORT NEIL
28df12e8-b69b-11e5-a3ef-ca8d614123eb,1087810680,28c36e12-b69b-11e5-a3ef-ca8d614123eb,COWELL
28df1342-b69b-11e5-a3ef-ca8d614123eb,1088110683,28c550f6-b69b-11e5-a3ef-ca8d614123eb,BOSTON
28df13a6-b69b-11e5-a3ef-ca8d614123eb,1092210724,28c324ac-b69b-11e5-a3ef-ca8d614123eb,PORT AUGUSTA
28df1400-b69b-11e5-a3ef-ca8d614123eb,1096010762,28c16a54-b69b-11e5-a3ef-ca8d614123eb,NORTH SHIELDS
28df1464-b69b-11e5-a3ef-ca8d614123eb,1102610827,28c9d84c-b69b-11e5-a3ef-ca8d614123eb,COWELL
28df14be-b69b-11e5-a3ef-ca8d614123eb,1103210833,28c55ec0-b69b-11e5-a3ef-ca8d614123eb,BOSTON
28df1522-b69b-11e5-a3ef-ca8d614123eb,1103810839,28c3afb2-b69b-11e5-a3ef-ca8d614123eb,TIATUCKIA
28df1586-b69b-11e5-a3ef-ca8d614123eb,1103910840,28c350f8-b69b-11e5-a3ef-ca8d614123eb,PORT LINCOLN
28df15e0-b69b-11e5-a3ef-ca8d614123eb,1104010841,28c65ed8-b69b-11e5-a3ef-ca8d614123eb,ARNO BAY
28df1644-b69b-11e5-a3ef-ca8d614123eb,1104410845,28c4373e-b69b-11e5-a3ef-ca8d614123eb,COWELL
28df16a8-b69b-11e5-a3ef-ca8d614123eb,1104610847,28c43c16-b69b-11e5-a3ef-ca8d614123eb,STIRLING NORTH
28df170c-b69b-11e5-a3ef-ca8d614123eb,1111310914,28c529fa-b69b-11e5-a3ef-ca8d614123eb,BOSTON
28df1766-b69b-11e5-a3ef-ca8d614123eb,1111410915,28c1774c-b69b-11e5-a3ef-ca8d614123eb,PORT LINCOLN
28df17ca-b69b-11e5-a3ef-ca8d614123eb,1111510916,28c2a702-b69b-11e5-a3ef-ca8d614123eb,COWELL
28df182e-b69b-11e5-a3ef-ca8d614123eb,1111610917,28c3f9a4-b69b-11e5-a3ef-ca8d614123eb,ELLISTON
28df1888-b69b-11e5-a3ef-ca8d614123eb,1112310924,28c02b4e-b69b-11e5-a3ef-ca8d614123eb,BOSTON
28df18ec-b69b-11e5-a3ef-ca8d614123eb,1112810929,28c29212-b69b-11e5-a3ef-ca8d614123eb,COWELL
28df1950-b69b-11e5-a3ef-ca8d614123eb,1121411015,28c47a6e-b69b-11e5-a3ef-ca8d614123eb,ARNO BAY
28df19aa-b69b-11e5-a3ef-ca8d614123eb,1121511016,28c3a396-b69b-11e5-a3ef-ca8d614123eb,COWELL
28df1a0e-b69b-11e5-a3ef-ca8d614123eb,1122411025,28c15730-b69b-11e5-a3ef-ca8d614123eb,WHITE FLAT
28df1a72-b69b-11e5-a3ef-ca8d614123eb,112910930,28c470d2-b69b-11e5-a3ef-ca8d614123eb,TUMBY BAY
28df1acc-b69b-11e5-a3ef-ca8d614123eb,1135711155,,PORT AUGUSTA
28df1b30-b69b-11e5-a3ef-ca8d614123eb,1136611164,28c2e05a-b69b-11e5-a3ef-ca8d614123eb,PORT LINCOLN
28df1b94-b69b-11e5-a3ef-ca8d614123eb,1136711165,28c4bf74-b69b-11e5-a3ef-ca8d614123eb,TIATUCKIA
28df1bee-b69b-11e5-a3ef-ca8d614123eb,1142711225,28c3aed6-b69b-11e5-a3ef-ca8d614123eb,PORT NEIL
28df1c52-b69b-11e5-a3ef-ca8d614123eb,1155911356,28c02aa4-b69b-11e5-a3ef-ca8d614123eb,BOSTON
28df1cac-b69b-11e5-a3ef-ca8d614123eb,1156511362,28c34c66-b69b-11e5-a3ef-ca8d614123eb,COWELL
28df1d10-b69b-11e5-a3ef-ca8d614123eb,1156611363,28c36020-b69b-11e5-a3ef-ca8d614123eb,TUMBY BAY
28df1d6a-b69b-11e5-a3ef-ca8d614123eb,1157111368,28c170e4-b69b-11e5-a3ef-ca8d614123eb,BOSTON
28df1dce-b69b-11e5-a3ef-ca8d614123eb,1157211369,05aa8452-5d4a-4799-98ea-384f71aae0bf,TIATUCKIA
28df1e32-b69b-11e5-a3ef-ca8d614123eb,1157311370,28c572c0-b69b-11e5-a3ef-ca8d614123eb,TIATUCKIA
28df1ef0-b69b-11e5-a3ef-ca8d614123eb,1170411498,28c3d1ae-b69b-11e5-a3ef-ca8d614123eb,WHYALLA
28df1f54-b69b-11e5-a3ef-ca8d614123eb,1173211526,28c66266-b69b-11e5-a3ef-ca8d614123eb,ELLISTON
28df1fae-b69b-11e5-a3ef-ca8d614123eb,1173311527,28ca5010-b69b-11e5-a3ef-ca8d614123eb,BOSTON
28df2012-b69b-11e5-a3ef-ca8d614123eb,1173411528,28c4d0d6-b69b-11e5-a3ef-ca8d614123eb,BOSTON
28df206c-b69b-11e5-a3ef-ca8d614123eb,1173611530,28c2e564-b69b-11e5-a3ef-ca8d614123eb,SHERINGA
28df20d0-b69b-11e5-a3ef-ca8d614123eb,1173811532,28c9bede-b69b-11e5-a3ef-ca8d614123eb,BOSTON
28df2238-b69b-11e5-a3ef-ca8d614123eb,1174411538,28c4ff84-b69b-11e5-a3ef-ca8d614123eb,BOSTON
28df229c-b69b-11e5-a3ef-ca8d614123eb,1174711541,28c3685e-b69b-11e5-a3ef-ca8d614123eb,COWELL
28df230a-b69b-11e5-a3ef-ca8d614123eb,1184411637,28c3243e-b69b-11e5-a3ef-ca8d614123eb,WHYALLA JENKINS
28df2378-b69b-11e5-a3ef-ca8d614123eb,1184511638,28c30c24-b69b-11e5-a3ef-ca8d614123eb,COWELL
28df23dc-b69b-11e5-a3ef-ca8d614123eb,1185411647,28c27f84-b69b-11e5-a3ef-ca8d614123eb,ARNO BAY
28df2436-b69b-11e5-a3ef-ca8d614123eb,1186211655,28c47ff0-b69b-11e5-a3ef-ca8d614123eb,BOSTON
28df24a4-b69b-11e5-a3ef-ca8d614123eb,1186311656,28ca171c-b69b-11e5-a3ef-ca8d614123eb,TUMBY BAY
28df2508-b69b-11e5-a3ef-ca8d614123eb,1186411657,28c3c10a-b69b-11e5-a3ef-ca8d614123eb,WHYALLA
28df256c-b69b-11e5-a3ef-ca8d614123eb,1187111664,28ca4278-b69b-11e5-a3ef-ca8d614123eb,TIATUCKIA
28df25d0-b69b-11e5-a3ef-ca8d614123eb,1189111684,,COWELL
28df2800-b69b-11e5-a3ef-ca8d614123eb,1189611689,28c435f4-b69b-11e5-a3ef-ca8d614123eb,BOSTON
28df286e-b69b-11e5-a3ef-ca8d614123eb,1190411697,28c3068e-b69b-11e5-a3ef-ca8d614123eb,PORT LINCOLN
28df28c8-b69b-11e5-a3ef-ca8d614123eb,1214111931,28c292bc-b69b-11e5-a3ef-ca8d614123eb,BOSTON
28df292c-b69b-11e5-a3ef-ca8d614123eb,1219911987,28c33938-b69b-11e5-a3ef-ca8d614123eb,WANGARY
28df2990-b69b-11e5-a3ef-ca8d614123eb,1220111989,28c15b86-b69b-11e5-a3ef-ca8d614123eb,COULTA
28df29f4-b69b-11e5-a3ef-ca8d614123eb,1220411992,28ca4ed0-b69b-11e5-a3ef-ca8d614123eb,WHYALLA
28df2c10-b69b-11e5-a3ef-ca8d614123eb,1221411202,28c2cbce-b69b-11e5-a3ef-ca8d614123eb,PORT LINCOLN
28df2c7e-b69b-11e5-a3ef-ca8d614123eb,1223811225,28c641e6-b69b-11e5-a3ef-ca8d614123eb,ELLISTON
28df2cd8-b69b-11e5-a3ef-ca8d614123eb,1228411271,28c55254-b69b-11e5-a3ef-ca8d614123eb,ELLISTON
28df2d3c-b69b-11e5-a3ef-ca8d614123eb,1229111278,28ca1a78-b69b-11e5-a3ef-ca8d614123eb,ELLISTON
28df2f58-b69b-11e5-a3ef-ca8d614123eb,1229311280,28c36552-b69b-11e5-a3ef-ca8d614123eb,BOSTON
28df2fbc-b69b-11e5-a3ef-ca8d614123eb,1232711313,28c17db4-b69b-11e5-a3ef-ca8d614123eb,PORT NEIL
28e01ff8-b69b-11e5-a3ef-ca8d614123eb,1232811314,28c9de32-b69b-11e5-a3ef-ca8d614123eb,ELLISTON
28e023d6-b69b-11e5-a3ef-ca8d614123eb,1233611322,28c551aa-b69b-11e5-a3ef-ca8d614123eb,BOSTON
28e024bc-b69b-11e5-a3ef-ca8d614123eb,1233711323,28c4908a-b69b-11e5-a3ef-ca8d614123eb,BOSTON
28e02584-b69b-11e5-a3ef-ca8d614123eb,1260911592,28c31db8-b69b-11e5-a3ef-ca8d614123eb,COWELL
28e0282c-b69b-11e5-a3ef-ca8d614123eb,1264911632,28ca507e-b69b-11e5-a3ef-ca8d614123eb,STREAKY BAY
28e028ea-b69b-11e5-a3ef-ca8d614123eb,1266511648,28c3c4c0-b69b-11e5-a3ef-ca8d614123eb,PORT NEIL
28e02b88-b69b-11e5-a3ef-ca8d614123eb,1267611659,28c3fada-b69b-11e5-a3ef-ca8d614123eb,TIATUCKIA
28e02e26-b69b-11e5-a3ef-ca8d614123eb,1267711660,28c678d2-b69b-11e5-a3ef-ca8d614123eb,PORT LINCOLN
28e030ce-b69b-11e5-a3ef-ca8d614123eb,1268611669,28c33456-b69b-11e5-a3ef-ca8d614123eb,BOSTON
28e03362-b69b-11e5-a3ef-ca8d614123eb,1268711670,28bf1e20-b69b-11e5-a3ef-ca8d614123eb,ELLISTON
28e0390c-b69b-11e5-a3ef-ca8d614123eb,1269811681,28c2994c-b69b-11e5-a3ef-ca8d614123eb,COWELL
28e039c0-b69b-11e5-a3ef-ca8d614123eb,1270611689,28c03774-b69b-11e5-a3ef-ca8d614123eb,PORT KENNY
28e03a42-b69b-11e5-a3ef-ca8d614123eb,1270811691,28c51c26-b69b-11e5-a3ef-ca8d614123eb,STIRLING NORTH
28e03ac4-b69b-11e5-a3ef-ca8d614123eb,1270911692,28ca0c04-b69b-11e5-a3ef-ca8d614123eb,HAWSON
28e03b32-b69b-11e5-a3ef-ca8d614123eb,1271011693,28c42690-b69b-11e5-a3ef-ca8d614123eb,DUTTON BAY
28e03baa-b69b-11e5-a3ef-ca8d614123eb,1275811741,28c4cf8c-b69b-11e5-a3ef-ca8d614123eb,BOSTON
28e03c2c-b69b-11e5-a3ef-ca8d614123eb,1276011743,28c29b4a-b69b-11e5-a3ef-ca8d614123eb,COULTA
28e03d9e-b69b-11e5-a3ef-ca8d614123eb,1286611849,28c168a6-b69b-11e5-a3ef-ca8d614123eb,WHITE FLAT
28e03e20-b69b-11e5-a3ef-ca8d614123eb,1286911852,28c2c5c0-b69b-11e5-a3ef-ca8d614123eb,FAR NORTH S.A.
28e03f24-b69b-11e5-a3ef-ca8d614123eb,1293811921,,BOSTON
28e03fa6-b69b-11e5-a3ef-ca8d614123eb,1294111924,28c4cf1e-b69b-11e5-a3ef-ca8d614123eb,BOSTON
28e04028-b69b-11e5-a3ef-ca8d614123eb,1295511938,28c2f946-b69b-11e5-a3ef-ca8d614123eb,TIATUCKIA
28e040a0-b69b-11e5-a3ef-ca8d614123eb,1301611997,28ca494e-b69b-11e5-a3ef-ca8d614123eb,ELLISTON
28e04122-b69b-11e5-a3ef-ca8d614123eb,1305112032,28c5155a-b69b-11e5-a3ef-ca8d614123eb,PORT LINCOLN
28e04190-b69b-11e5-a3ef-ca8d614123eb,1306012041,1db78220-21d6-46e0-8580-cd73d0a795a5,DUTTON BAY
28e04212-b69b-11e5-a3ef-ca8d614123eb,1312512106,28bf0138-b69b-11e5-a3ef-ca8d614123eb,BOSTON
28e0428a-b69b-11e5-a3ef-ca8d614123eb,1313912120,28c01d34-b69b-11e5-a3ef-ca8d614123eb,TUMBY BAY
28e0430c-b69b-11e5-a3ef-ca8d614123eb,1314012121,28ca3ea4-b69b-11e5-a3ef-ca8d614123eb,BOSTON
28e04384-b69b-11e5-a3ef-ca8d614123eb,131412122,28c02d42-b69b-11e5-a3ef-ca8d614123eb,PORT NEIL
28e04406-b69b-11e5-a3ef-ca8d614123eb,1314212123,28c360f2-b69b-11e5-a3ef-ca8d614123eb,BOSTON
28e04488-b69b-11e5-a3ef-ca8d614123eb,1314312124,28c3e3d8-b69b-11e5-a3ef-ca8d614123eb,TUMBY BAY
28e0450a-b69b-11e5-a3ef-ca8d614123eb,132112102,4de1042b-5e6c-4490-b704-c99f552cfd0a,WANILLA
28e0458c-b69b-11e5-a3ef-ca8d614123eb,1329712277,28c46f88-b69b-11e5-a3ef-ca8d614123eb,POONINDIE
28e0460e-b69b-11e5-a3ef-ca8d614123eb,1329812278,,BOSTON
28e04690-b69b-11e5-a3ef-ca8d614123eb,1330012280,28ca10a0-b69b-11e5-a3ef-ca8d614123eb,BOSTON
28e04712-b69b-11e5-a3ef-ca8d614123eb,1330212282,28c44c38-b69b-11e5-a3ef-ca8d614123eb,BOSTON
28e0478a-b69b-11e5-a3ef-ca8d614123eb,1330312283,28c329ca-b69b-11e5-a3ef-ca8d614123eb,GAWLER RANGES NATIONAL PARK
28e04816-b69b-11e5-a3ef-ca8d614123eb,1330412284,28c14e7a-b69b-11e5-a3ef-ca8d614123eb,PT LINCOLN
28e0488e-b69b-11e5-a3ef-ca8d614123eb,1331812298,28c36a8e-b69b-11e5-a3ef-ca8d614123eb,PORT LINCOLN
28e04906-b69b-11e5-a3ef-ca8d614123eb,1331912299,28c9eefe-b69b-11e5-a3ef-ca8d614123eb,BOSTON
28e0497e-b69b-11e5-a3ef-ca8d614123eb,1332012300,28c31eee-b69b-11e5-a3ef-ca8d614123eb,COWELL
28e04a00-b69b-11e5-a3ef-ca8d614123eb,1346412444,28c2e3a2-b69b-11e5-a3ef-ca8d614123eb,POONINDIE
28e04a82-b69b-11e5-a3ef-ca8d614123eb,1355912539,28c5600a-b69b-11e5-a3ef-ca8d614123eb,COWELL
28e04b04-b69b-11e5-a3ef-ca8d614123eb,1358212562,28c37c2c-b69b-11e5-a3ef-ca8d614123eb,BOSTON
28e04b90-b69b-11e5-a3ef-ca8d614123eb,1358512565,28c571f8-b69b-11e5-a3ef-ca8d614123eb,GUMHILL ESTATE
28e04c6c-b69b-11e5-a3ef-ca8d614123eb,1359212572,cd9dd3d3-95c1-4df3-a7f3-ffbfc9888447,TIATUCKIA
28e04d34-b69b-11e5-a3ef-ca8d614123eb,1359712577,28c27f84-b69b-11e5-a3ef-ca8d614123eb,ARNO BAY
28e04eba-b69b-11e5-a3ef-ca8d614123eb,1359912579,28c47e92-b69b-11e5-a3ef-ca8d614123eb,BOSTON
28e04fbe-b69b-11e5-a3ef-ca8d614123eb,1360012580,28c3a990-b69b-11e5-a3ef-ca8d614123eb,COWELL
28e050c2-b69b-11e5-a3ef-ca8d614123eb,1360112581,28c6579e-b69b-11e5-a3ef-ca8d614123eb,PORT NEIL
28e054dc-b69b-11e5-a3ef-ca8d614123eb,1360212582,28c56276-b69b-11e5-a3ef-ca8d614123eb,COWELL
28e0568a-b69b-11e5-a3ef-ca8d614123eb,1360312583,28c50236-b69b-11e5-a3ef-ca8d614123eb,ELLISTON
28e0573e-b69b-11e5-a3ef-ca8d614123eb,1360712587,28c557a4-b69b-11e5-a3ef-ca8d614123eb,WHYALLA
28e057de-b69b-11e5-a3ef-ca8d614123eb,1362012600,28c3f8be-b69b-11e5-a3ef-ca8d614123eb,EH2
28e058ec-b69b-11e5-a3ef-ca8d614123eb,1363412613,28c3b458-b69b-11e5-a3ef-ca8d614123eb,ELLISTON
28e05996-b69b-11e5-a3ef-ca8d614123eb,1363612615,28c9e774-b69b-11e5-a3ef-ca8d614123eb,ELLISTON
28e05a40-b69b-11e5-a3ef-ca8d614123eb,1365112630,,POONINDIE
28e05b9e-b69b-11e5-a3ef-ca8d614123eb,1365212631,28c2c5c0-b69b-11e5-a3ef-ca8d614123eb,FAR NORTH S.A.
28e05c52-b69b-11e5-a3ef-ca8d614123eb,1365412633,1d502992-8462-4eb9-9dfe-34c9cad524a8,WHYALLA JENKINS
28e05dc4-b69b-11e5-a3ef-ca8d614123eb,1365712636,28c04372-b69b-11e5-a3ef-ca8d614123eb,BOSTON
28e05e28-b69b-11e5-a3ef-ca8d614123eb,1365812637,28c03710-b69b-11e5-a3ef-ca8d614123eb,BOSTON
28e05e8c-b69b-11e5-a3ef-ca8d614123eb,1365912638,28c667f2-b69b-11e5-a3ef-ca8d614123eb,WANILLA
28e05ef0-b69b-11e5-a3ef-ca8d614123eb,1383812817,2d48bed0-010b-4947-8a01-f42f65274b43,POONINDIE
28e05f4a-b69b-11e5-a3ef-ca8d614123eb,1384912828,28c9d3e2-b69b-11e5-a3ef-ca8d614123eb,TIATUCKIA
28e05fae-b69b-11e5-a3ef-ca8d614123eb,1385012829,28c50236-b69b-11e5-a3ef-ca8d614123eb,ELLISTON
28e06012-b69b-11e5-a3ef-ca8d614123eb,1385112830,28c32664-b69b-11e5-a3ef-ca8d614123eb,CUMMINS
28e0606c-b69b-11e5-a3ef-ca8d614123eb,1385212831,28c2e0fa-b69b-11e5-a3ef-ca8d614123eb,KOPPIO
28e060d0-b69b-11e5-a3ef-ca8d614123eb,1385312832,28c48c3e-b69b-11e5-a3ef-ca8d614123eb,DUTTON BAY
28e06134-b69b-11e5-a3ef-ca8d614123eb,1385512834,28c3e70c-b69b-11e5-a3ef-ca8d614123eb,ELLISTON
28e0618e-b69b-11e5-a3ef-ca8d614123eb,140019,28c3abe8-b69b-11e5-a3ef-ca8d614123eb,KAPINNIE
28e061f2-b69b-11e5-a3ef-ca8d614123eb,140020,28ca18c0-b69b-11e5-a3ef-ca8d614123eb,POONINDIE
28e06256-b69b-11e5-a3ef-ca8d614123eb,140022,28c16428-b69b-11e5-a3ef-ca8d614123eb,Tumby Bay
28e062c4-b69b-11e5-a3ef-ca8d614123eb,140034,28c2d43e-b69b-11e5-a3ef-ca8d614123eb,EH2
28e06328-b69b-11e5-a3ef-ca8d614123eb,1401412992,28c3fe18-b69b-11e5-a3ef-ca8d614123eb,PORT LINCOLN
28e06382-b69b-11e5-a3ef-ca8d614123eb,1401512993,28c32362-b69b-11e5-a3ef-ca8d614123eb,PORT AUGUSTA
28e063e6-b69b-11e5-a3ef-ca8d614123eb,1401812996,28ca593e-b69b-11e5-a3ef-ca8d614123eb,STREAKY BAY
28e06454-b69b-11e5-a3ef-ca8d614123eb,140189,28c5291e-b69b-11e5-a3ef-ca8d614123eb,Tiatuckia
28e064b8-b69b-11e5-a3ef-ca8d614123eb,140191,28befb5c-b69b-11e5-a3ef-ca8d614123eb,BOSTON
28e0651c-b69b-11e5-a3ef-ca8d614123eb,1401912997,28c421f4-b69b-11e5-a3ef-ca8d614123eb,VENUS BAY
28e06580-b69b-11e5-a3ef-ca8d614123eb,140192,28c03008-b69b-11e5-a3ef-ca8d614123eb,Ceduna
28e065e4-b69b-11e5-a3ef-ca8d614123eb,140193,28c488ec-b69b-11e5-a3ef-ca8d614123eb,Ceduna
28e06652-b69b-11e5-a3ef-ca8d614123eb,1402012998,28c4d46e-b69b-11e5-a3ef-ca8d614123eb,BOSTON
28e066b6-b69b-11e5-a3ef-ca8d614123eb,1402112999,28c519ba-b69b-11e5-a3ef-ca8d614123eb,BOSTON
28e0671a-b69b-11e5-a3ef-ca8d614123eb,1402213000,28ca539e-b69b-11e5-a3ef-ca8d614123eb,POONINDIE
28e06774-b69b-11e5-a3ef-ca8d614123eb,1403813016,28ca513c-b69b-11e5-a3ef-ca8d614123eb,BOSTON
28e067d8-b69b-11e5-a3ef-ca8d614123eb,140382,28c559ca-b69b-11e5-a3ef-ca8d614123eb,EH2
28e06846-b69b-11e5-a3ef-ca8d614123eb,140383,28c486c6-b69b-11e5-a3ef-ca8d614123eb,Ceduna Waters
28e068b4-b69b-11e5-a3ef-ca8d614123eb,140384,28c3fd3c-b69b-11e5-a3ef-ca8d614123eb,Wirrulla
28e06918-b69b-11e5-a3ef-ca8d614123eb,140385,28c34a22-b69b-11e5-a3ef-ca8d614123eb,Wirrulla
28e06986-b69b-11e5-a3ef-ca8d614123eb,140391,28c9d8ba-b69b-11e5-a3ef-ca8d614123eb,BOSTON
28e069ea-b69b-11e5-a3ef-ca8d614123eb,1404013018,28c55308-b69b-11e5-a3ef-ca8d614123eb,ELLISTON
28e06a44-b69b-11e5-a3ef-ca8d614123eb,1404113019,28ca0cae-b69b-11e5-a3ef-ca8d614123eb,TIATUCKIA
28e06aa8-b69b-11e5-a3ef-ca8d614123eb,1404213020,2bc78308-0b80-43e5-9410-d3d12a849a4e,WANGARY
28e06b0c-b69b-11e5-a3ef-ca8d614123eb,1404313021,,BOSTON
28e06b70-b69b-11e5-a3ef-ca8d614123eb,1404413022,489e763d-103b-44d2-8c01-20c99ec55ad0,TIATUCKIA
28e06bd4-b69b-11e5-a3ef-ca8d614123eb,1404513023,28bf084a-b69b-11e5-a3ef-ca8d614123eb,TIATUCKIA
28e06c2e-b69b-11e5-a3ef-ca8d614123eb,1404613024,28c3bba6-b69b-11e5-a3ef-ca8d614123eb,STREAKY BAY
28e06c92-b69b-11e5-a3ef-ca8d614123eb,140462,28c408fe-b69b-11e5-a3ef-ca8d614123eb,Cleve
28e06cf6-b69b-11e5-a3ef-ca8d614123eb,140463,28c01f5a-b69b-11e5-a3ef-ca8d614123eb,Cowell
28e06eea-b69b-11e5-a3ef-ca8d614123eb,1404713025,28c2a3d8-b69b-11e5-a3ef-ca8d614123eb,PORT AUGUSTA
28e06f58-b69b-11e5-a3ef-ca8d614123eb,1404813026,28c34f22-b69b-11e5-a3ef-ca8d614123eb,EDILILLIE
28e06fb2-b69b-11e5-a3ef-ca8d614123eb,1405014,28c28bb4-b69b-11e5-a3ef-ca8d614123eb,Tumby Bay
28e070f2-b69b-11e5-a3ef-ca8d614123eb,140581,28c48f2c-b69b-11e5-a3ef-ca8d614123eb,PORT LINCOLN
28e071b0-b69b-11e5-a3ef-ca8d614123eb,140680,28c36264-b69b-11e5-a3ef-ca8d614123eb,Cowell
28e0721e-b69b-11e5-a3ef-ca8d614123eb,140684,28c48b6c-b69b-11e5-a3ef-ca8d614123eb,Ceduna Waters
28e07296-b69b-11e5-a3ef-ca8d614123eb,140686,28c356f2-b69b-11e5-a3ef-ca8d614123eb,Farm Beach
28e07304-b69b-11e5-a3ef-ca8d614123eb,140687,0d8a7b97-3616-40bd-ad04-a5c0f519e2e7,Boston
28e07368-b69b-11e5-a3ef-ca8d614123eb,140689,28c2f342-b69b-11e5-a3ef-ca8d614123eb,Boston
28e073d6-b69b-11e5-a3ef-ca8d614123eb,140690,28c35940-b69b-11e5-a3ef-ca8d614123eb,Kiana
28e0743a-b69b-11e5-a3ef-ca8d614123eb,140691,28c03152-b69b-11e5-a3ef-ca8d614123eb,Ceduna
28e07494-b69b-11e5-a3ef-ca8d614123eb,140762,28c65d34-b69b-11e5-a3ef-ca8d614123eb,Boston
28e074f8-b69b-11e5-a3ef-ca8d614123eb,140771,28bf05e8-b69b-11e5-a3ef-ca8d614123eb,Coulta
28e0771e-b69b-11e5-a3ef-ca8d614123eb,140781,28c3db72-b69b-11e5-a3ef-ca8d614123eb,Boston
28e07782-b69b-11e5-a3ef-ca8d614123eb,140782,28c51866-b69b-11e5-a3ef-ca8d614123eb,FARM BEACH
28e07872-b69b-11e5-a3ef-ca8d614123eb,1409013068,28bf0b6a-b69b-11e5-a3ef-ca8d614123eb,COOMUNGA
28e078d6-b69b-11e5-a3ef-ca8d614123eb,1409113069,28c2a306-b69b-11e5-a3ef-ca8d614123eb,TIATUCKIA
28e0793a-b69b-11e5-a3ef-ca8d614123eb,1409213070,28c31e76-b69b-11e5-a3ef-ca8d614123eb,COWELL
28e07bc4-b69b-11e5-a3ef-ca8d614123eb,1409313071,28c63c46-b69b-11e5-a3ef-ca8d614123eb,POONINDIE
28e07c28-b69b-11e5-a3ef-ca8d614123eb,1409413072,28c4076e-b69b-11e5-a3ef-ca8d614123eb,WANILLA
28e07c82-b69b-11e5-a3ef-ca8d614123eb,1409513073,28c36318-b69b-11e5-a3ef-ca8d614123eb,COWELL
28e07ce6-b69b-11e5-a3ef-ca8d614123eb,1409613074,28c3a990-b69b-11e5-a3ef-ca8d614123eb,COWELL
28e07ef8-b69b-11e5-a3ef-ca8d614123eb,1409813076,7fb0ea08-3446-4580-b0da-d35b3d483b6d,LIPSON
28e07f52-b69b-11e5-a3ef-ca8d614123eb,1409913077,28c320ba-b69b-11e5-a3ef-ca8d614123eb,TIATUCKIA
28e07ffc-b69b-11e5-a3ef-ca8d614123eb,1413013107,28c2dc5e-b69b-11e5-a3ef-ca8d614123eb,STREAKY BAY
28e16cb4-b69b-11e5-a3ef-ca8d614123eb,1413113108,28ca478c-b69b-11e5-a3ef-ca8d614123eb,STREAKY BAY
28e1711e-b69b-11e5-a3ef-ca8d614123eb,1414913126,28c6582a-b69b-11e5-a3ef-ca8d614123eb,WANILLA
28e171fa-b69b-11e5-a3ef-ca8d614123eb,1415013127,28c2e7f8-b69b-11e5-a3ef-ca8d614123eb,SHERINGA
28e172b8-b69b-11e5-a3ef-ca8d614123eb,1416013137,28c65f64-b69b-11e5-a3ef-ca8d614123eb,STREAKY BAY
28e17614-b69b-11e5-a3ef-ca8d614123eb,1416613143,28c55b1e-b69b-11e5-a3ef-ca8d614123eb,BOSTON
28e176f0-b69b-11e5-a3ef-ca8d614123eb,1416813145,ba177043-7263-42de-9dee-b984fc3e0db0,STREAKY BAY
28e1795c-b69b-11e5-a3ef-ca8d614123eb,1417013147,28c56cbc-b69b-11e5-a3ef-ca8d614123eb,ELLISTON
28e17e98-b69b-11e5-a3ef-ca8d614123eb,1417213149,28c448f0-b69b-11e5-a3ef-ca8d614123eb,VENUS BAY
28e185b4-b69b-11e5-a3ef-ca8d614123eb,1417413151,b4e26985-65e4-46ce-943c-39cc2a1688be,STREAKY BAY
28e1879e-b69b-11e5-a3ef-ca8d614123eb,1417513152,28c37358-b69b-11e5-a3ef-ca8d614123eb,POONINDIE
28e1882a-b69b-11e5-a3ef-ca8d614123eb,1417613153,28c9dc84-b69b-11e5-a3ef-ca8d614123eb,WHYALLA NORRIE
28e188a2-b69b-11e5-a3ef-ca8d614123eb,1418513162,28c2fa18-b69b-11e5-a3ef-ca8d614123eb,ELLISTON
28e1891a-b69b-11e5-a3ef-ca8d614123eb,1418613163,c6ef6d2a-504e-46bc-b9aa-a5e21a9e95eb,STREAKY BAY
28e18992-b69b-11e5-a3ef-ca8d614123eb,1418713164,28c48a40-b69b-11e5-a3ef-ca8d614123eb,STREAKY BAY
28e18a0a-b69b-11e5-a3ef-ca8d614123eb,1418913166,28c00326-b69b-11e5-a3ef-ca8d614123eb,PORT LINCOLN
28e18a82-b69b-11e5-a3ef-ca8d614123eb,1419013167,28ca0768-b69b-11e5-a3ef-ca8d614123eb,WANGARY
28e18afa-b69b-11e5-a3ef-ca8d614123eb,1420113178,28c5565a-b69b-11e5-a3ef-ca8d614123eb,BOSTON
28e18b72-b69b-11e5-a3ef-ca8d614123eb,1420413181,28ca4872-b69b-11e5-a3ef-ca8d614123eb,BOSTON
28e18bea-b69b-11e5-a3ef-ca8d614123eb,1420713184,28c39d92-b69b-11e5-a3ef-ca8d614123eb,YEELANA
28e18c62-b69b-11e5-a3ef-ca8d614123eb,1420813185,28c3df5a-b69b-11e5-a3ef-ca8d614123eb,ELLISTON
28e18cda-b69b-11e5-a3ef-ca8d614123eb,1420913186,28c55506-b69b-11e5-a3ef-ca8d614123eb,VENUS BAY
28e18d48-b69b-11e5-a3ef-ca8d614123eb,1459713572,28c5178a-b69b-11e5-a3ef-ca8d614123eb,EDILILLIE
28e18dca-b69b-11e5-a3ef-ca8d614123eb,1460213577,28c35eea-b69b-11e5-a3ef-ca8d614123eb,BOSTON
28e18e42-b69b-11e5-a3ef-ca8d614123eb,1460313578,28c9ec9c-b69b-11e5-a3ef-ca8d614123eb,BOSTON
28e18eb0-b69b-11e5-a3ef-ca8d614123eb,1460413579,28c3e900-b69b-11e5-a3ef-ca8d614123eb,TIATUCKIA
28e18f28-b69b-11e5-a3ef-ca8d614123eb,1460613581,28c4395a-b69b-11e5-a3ef-ca8d614123eb,PORT LINCOLN
28e19004-b69b-11e5-a3ef-ca8d614123eb,1460813583,28c3a846-b69b-11e5-a3ef-ca8d614123eb,PORT LINCOLN 
28e1907c-b69b-11e5-a3ef-ca8d614123eb,1464713622,28c50830-b69b-11e5-a3ef-ca8d614123eb,TIATUCKIA
28e190f4-b69b-11e5-a3ef-ca8d614123eb,1464813623,28c4008e-b69b-11e5-a3ef-ca8d614123eb,Ungarra
28e19176-b69b-11e5-a3ef-ca8d614123eb,1464813624,28c9ea26-b69b-11e5-a3ef-ca8d614123eb,EDILILLIE
28e1925c-b69b-11e5-a3ef-ca8d614123eb,1465013625,28c479c4-b69b-11e5-a3ef-ca8d614123eb,CEDUNA WATERS
28e194a0-b69b-11e5-a3ef-ca8d614123eb,1465313628,68cd0a62-8af5-4ccb-a150-9f74a1575b2b,PORT LINCOLN
28e19536-b69b-11e5-a3ef-ca8d614123eb,1465413629,28c4c9b0-b69b-11e5-a3ef-ca8d614123eb,NORTH SHIELDS
28e195cc-b69b-11e5-a3ef-ca8d614123eb,1465513630,28c3c6fa-b69b-11e5-a3ef-ca8d614123eb,KAPINNIE
28e1964e-b69b-11e5-a3ef-ca8d614123eb,1465613631,28bf1a42-b69b-11e5-a3ef-ca8d614123eb,PORT LINCOLN
28e196e4-b69b-11e5-a3ef-ca8d614123eb,1468813663,28ca48d6-b69b-11e5-a3ef-ca8d614123eb,STREAKY BAY
28e19806-b69b-11e5-a3ef-ca8d614123eb,1469013665,28c3efc2-b69b-11e5-a3ef-ca8d614123eb,TIATUCKIA
28e1989c-b69b-11e5-a3ef-ca8d614123eb,1469313668,28c3c420-b69b-11e5-a3ef-ca8d614123eb,COWELL
28e19928-b69b-11e5-a3ef-ca8d614123eb,1469413669,28c328ee-b69b-11e5-a3ef-ca8d614123eb,TIATUCKIA
28e199b4-b69b-11e5-a3ef-ca8d614123eb,1469513670,28c27994-b69b-11e5-a3ef-ca8d614123eb,BOSTON
28e19ac2-b69b-11e5-a3ef-ca8d614123eb,1469613671,cc0aed94-01b0-4018-be48-71c396081bca,CEDUNA
28e19b94-b69b-11e5-a3ef-ca8d614123eb,1471213687,28c9f64c-b69b-11e5-a3ef-ca8d614123eb,CEDUNA
28e19c70-b69b-11e5-a3ef-ca8d614123eb,1471513690,28c3204c-b69b-11e5-a3ef-ca8d614123eb,CEDUNA
28e19d4c-b69b-11e5-a3ef-ca8d614123eb,1471613691,7ab88716-200f-48f1-99ef-b1741a9f0cc5,ELLISTON
28e19dd8-b69b-11e5-a3ef-ca8d614123eb,1471713692,28c2dd08-b69b-11e5-a3ef-ca8d614123eb,STREAKY BAY
28e19ebe-b69b-11e5-a3ef-ca8d614123eb,1471813693,28c4cbae-b69b-11e5-a3ef-ca8d614123eb,ELLISTON
28e19f5e-b69b-11e5-a3ef-ca8d614123eb,1471913694,7ab88716-200f-48f1-99ef-b1741a9f0cc5,ELLISTON
28e19ffe-b69b-11e5-a3ef-ca8d614123eb,1472013695,28c525d6-b69b-11e5-a3ef-ca8d614123eb,VENUS BAY
28e1a09e-b69b-11e5-a3ef-ca8d614123eb,1473013705,28c66d7e-b69b-11e5-a3ef-ca8d614123eb,PENONG
28e1a13e-b69b-11e5-a3ef-ca8d614123eb,1473113706,28c43f68-b69b-11e5-a3ef-ca8d614123eb,WANILLA
28e1a26a-b69b-11e5-a3ef-ca8d614123eb,1473413709,28c66874-b69b-11e5-a3ef-ca8d614123eb,COWELL
28e1a300-b69b-11e5-a3ef-ca8d614123eb,1473513710,28c658c0-b69b-11e5-a3ef-ca8d614123eb,COWELL
28e1a3a0-b69b-11e5-a3ef-ca8d614123eb,1473613711,28c44382-b69b-11e5-a3ef-ca8d614123eb,STREAKY BAY
28e1a490-b69b-11e5-a3ef-ca8d614123eb,1473713712,28c033e6-b69b-11e5-a3ef-ca8d614123eb,PORT LINCOLN
28e1a5bc-b69b-11e5-a3ef-ca8d614123eb,1500713982,28ca1a0a-b69b-11e5-a3ef-ca8d614123eb,CEDUNA
28e1a648-b69b-11e5-a3ef-ca8d614123eb,1500913984,28c2ac98-b69b-11e5-a3ef-ca8d614123eb,BOSTON
28e1a6de-b69b-11e5-a3ef-ca8d614123eb,1501013985,f2f7803a-515a-4b50-8bac-09f15697e241,CEDUNA
28e1a7d8-b69b-11e5-a3ef-ca8d614123eb,150112,28c00966-b69b-11e5-a3ef-ca8d614123eb,Butler Tanks
28e1a83c-b69b-11e5-a3ef-ca8d614123eb,150113,28c47492-b69b-11e5-a3ef-ca8d614123eb,Whyalla
28e1a904-b69b-11e5-a3ef-ca8d614123eb,150115,28c298a2-b69b-11e5-a3ef-ca8d614123eb,YEElANNA
28e1a968-b69b-11e5-a3ef-ca8d614123eb,150116,28c43068-b69b-11e5-a3ef-ca8d614123eb,Whyalla Stuart
28e1a9cc-b69b-11e5-a3ef-ca8d614123eb,150117,28c32132-b69b-11e5-a3ef-ca8d614123eb,Boston
28e1aa30-b69b-11e5-a3ef-ca8d614123eb,150118,28c31994-b69b-11e5-a3ef-ca8d614123eb,Wudinna
28e1aa8a-b69b-11e5-a3ef-ca8d614123eb,1501213987,28ca5272-b69b-11e5-a3ef-ca8d614123eb,COWELL
28e1aaee-b69b-11e5-a3ef-ca8d614123eb,1501813993,28c55876-b69b-11e5-a3ef-ca8d614123eb,PORT LINCOLN
28e1ab48-b69b-11e5-a3ef-ca8d614123eb,150229,28c431bc-b69b-11e5-a3ef-ca8d614123eb,KAPINNIE
28e1ac06-b69b-11e5-a3ef-ca8d614123eb,150233,28c66770-b69b-11e5-a3ef-ca8d614123eb,Tiatuckia
28e1ac6a-b69b-11e5-a3ef-ca8d614123eb,150235,28c51c8a-b69b-11e5-a3ef-ca8d614123eb,Boston
28e1acce-b69b-11e5-a3ef-ca8d614123eb,1502514000,28c02f36-b69b-11e5-a3ef-ca8d614123eb,CEDUNA
28e1ad28-b69b-11e5-a3ef-ca8d614123eb,1502614001,1a70d2dd-988d-4949-a8ee-03b315584e7f,CEDUNA
28e1ad8c-b69b-11e5-a3ef-ca8d614123eb,150270,28ca5740-b69b-11e5-a3ef-ca8d614123eb,Port Lincoln
28e1adf0-b69b-11e5-a3ef-ca8d614123eb,1502714002,28c643d0-b69b-11e5-a3ef-ca8d614123eb,CEDUNA
28e1ae54-b69b-11e5-a3ef-ca8d614123eb,1502814003,28c27584-b69b-11e5-a3ef-ca8d614123eb,CEDUNA
28e1aeae-b69b-11e5-a3ef-ca8d614123eb,1502914004,28ca4afc-b69b-11e5-a3ef-ca8d614123eb,CEDUNA
28e1af6c-b69b-11e5-a3ef-ca8d614123eb,1503014005,28c4a3b8-b69b-11e5-a3ef-ca8d614123eb,CEDUNA WATERS
28e1afd0-b69b-11e5-a3ef-ca8d614123eb,1503114006,f983721d-eaae-4d4a-8f87-c4d6c4436d01,CEDUNA
28e1b034-b69b-11e5-a3ef-ca8d614123eb,1505014025,28c03378-b69b-11e5-a3ef-ca8d614123eb,BOSTON
28e1b08e-b69b-11e5-a3ef-ca8d614123eb,1505114026,28c489d2-b69b-11e5-a3ef-ca8d614123eb,PORT LINCOLN
28e1b14c-b69b-11e5-a3ef-ca8d614123eb,1505314028,28ca5fb0-b69b-11e5-a3ef-ca8d614123eb,PORT NEIL
28e1b1b0-b69b-11e5-a3ef-ca8d614123eb,150549,28c2d7ae-b69b-11e5-a3ef-ca8d614123eb,Port Lincoln
28e1b20a-b69b-11e5-a3ef-ca8d614123eb,150550,28c50f38-b69b-11e5-a3ef-ca8d614123eb,Boston
28e1b26e-b69b-11e5-a3ef-ca8d614123eb,1505514030,28c375b0-b69b-11e5-a3ef-ca8d614123eb,BOSTON
28e1b2c8-b69b-11e5-a3ef-ca8d614123eb,1505614031,28c40bd8-b69b-11e5-a3ef-ca8d614123eb,CEDUNA
28e1b322-b69b-11e5-a3ef-ca8d614123eb,1505814033,28c3986a-b69b-11e5-a3ef-ca8d614123eb,BOSTON
28e1b386-b69b-11e5-a3ef-ca8d614123eb,1505914034,28c54eee-b69b-11e5-a3ef-ca8d614123eb,PORT NEIL
28e1b3e0-b69b-11e5-a3ef-ca8d614123eb,1506114035,28c33b7c-b69b-11e5-a3ef-ca8d614123eb,BOSTON
28e1b43a-b69b-11e5-a3ef-ca8d614123eb,1507114045,28c4afde-b69b-11e5-a3ef-ca8d614123eb,WHYALLA JENKINS
28e1b494-b69b-11e5-a3ef-ca8d614123eb,1529514268,28c1666c-b69b-11e5-a3ef-ca8d614123eb,LOUTH BAY
28e1b4ee-b69b-11e5-a3ef-ca8d614123eb,1529714270,28c6514a-b69b-11e5-a3ef-ca8d614123eb,LOUTH BAY
28e1b548-b69b-11e5-a3ef-ca8d614123eb,1529814271,28c369b2-b69b-11e5-a3ef-ca8d614123eb,KOPPIO
28e1b5a2-b69b-11e5-a3ef-ca8d614123eb,1529914272,28c03e40-b69b-11e5-a3ef-ca8d614123eb,PORT LINCOLN
28e1b606-b69b-11e5-a3ef-ca8d614123eb,1530114274,28c4e332-b69b-11e5-a3ef-ca8d614123eb,YEELAND FLAT
28e1b660-b69b-11e5-a3ef-ca8d614123eb,1530314276,28c0216c-b69b-11e5-a3ef-ca8d614123eb,BOSTON
28e1b6ba-b69b-11e5-a3ef-ca8d614123eb,1530414277,28c558ee-b69b-11e5-a3ef-ca8d614123eb,BOSTON
28e1b714-b69b-11e5-a3ef-ca8d614123eb,1554114511,28c9cf00-b69b-11e5-a3ef-ca8d614123eb,CEDUNA
28e1b8d6-b69b-11e5-a3ef-ca8d614123eb,1554214512,28c3b37c-b69b-11e5-a3ef-ca8d614123eb,CEDUNA
28e1b944-b69b-11e5-a3ef-ca8d614123eb,1554314513,28ca4728-b69b-11e5-a3ef-ca8d614123eb,PORT LINCOLN
28e1b994-b69b-11e5-a3ef-ca8d614123eb,1554414414,28c5015a-b69b-11e5-a3ef-ca8d614123eb, UNGARRA
28e1b9f8-b69b-11e5-a3ef-ca8d614123eb,1554514515,28ca199c-b69b-11e5-a3ef-ca8d614123eb,CEDUNA
28e1ba52-b69b-11e5-a3ef-ca8d614123eb,1554614516,28c2974e-b69b-11e5-a3ef-ca8d614123eb,BOSTON
28e1bab6-b69b-11e5-a3ef-ca8d614123eb,1554914519,28c9dce8-b69b-11e5-a3ef-ca8d614123eb,WHITE FLAT
28e1bb10-b69b-11e5-a3ef-ca8d614123eb,1573514705,28c9dce8-b69b-11e5-a3ef-ca8d614123eb,WHITE FLAT
28e1bb6a-b69b-11e5-a3ef-ca8d614123eb,1580114771,28c4895a-b69b-11e5-a3ef-ca8d614123eb,PORT LINCOLN
28e1bc32-b69b-11e5-a3ef-ca8d614123eb,1580314773,28c32286-b69b-11e5-a3ef-ca8d614123eb,RUDALL
28e1bc8c-b69b-11e5-a3ef-ca8d614123eb,1580414774,5a92e8f1-144c-4233-b890-b2ebcf4472da,BOSTON
28e1bce6-b69b-11e5-a3ef-ca8d614123eb,1580514775,28c03eae-b69b-11e5-a3ef-ca8d614123eb,PORT KENNY
28e1bd40-b69b-11e5-a3ef-ca8d614123eb,1580614776,6f1e6da8-559e-4f66-88b1-fcea9c95c4f1,CEDUNA
28e1bd9a-b69b-11e5-a3ef-ca8d614123eb,1580714777,28c32e7a-b69b-11e5-a3ef-ca8d614123eb,BOSTON
28e1bdf4-b69b-11e5-a3ef-ca8d614123eb,1588214852,28c2d90c-b69b-11e5-a3ef-ca8d614123eb,WIRRULLA
28e1be58-b69b-11e5-a3ef-ca8d614123eb,1588314853,28c3a058-b69b-11e5-a3ef-ca8d614123eb,CEDUNA
28e1c038-b69b-11e5-a3ef-ca8d614123eb,1589614866,28c43824-b69b-11e5-a3ef-ca8d614123eb,BOSTON
28e1c128-b69b-11e5-a3ef-ca8d614123eb,1589914869,28c352f6-b69b-11e5-a3ef-ca8d614123eb,CEDUNA
28e1c18c-b69b-11e5-a3ef-ca8d614123eb,1590014870,28c425dc-b69b-11e5-a3ef-ca8d614123eb,BOSTON
28e1c1f0-b69b-11e5-a3ef-ca8d614123eb,1590214702,28c47b22-b69b-11e5-a3ef-ca8d614123eb,CUMMINS
28e1c24a-b69b-11e5-a3ef-ca8d614123eb,1590314873,28c499c2-b69b-11e5-a3ef-ca8d614123eb,EH2
28e1c2ae-b69b-11e5-a3ef-ca8d614123eb,1590814878,28c39f68-b69b-11e5-a3ef-ca8d614123eb,EH2
28e1c4fc-b69b-11e5-a3ef-ca8d614123eb,1590914879,28c2c250-b69b-11e5-a3ef-ca8d614123eb,EH2
28e1c5b0-b69b-11e5-a3ef-ca8d614123eb,1594614916,28c368d6-b69b-11e5-a3ef-ca8d614123eb,CEDUNA WATERS
28e1c60a-b69b-11e5-a3ef-ca8d614123eb,1594714917,28c49d0a-b69b-11e5-a3ef-ca8d614123eb,CEDUNA WATERS
28e1c6aa-b69b-11e5-a3ef-ca8d614123eb,1594814918,28c51474-b69b-11e5-a3ef-ca8d614123eb,WANGARY
28e1c90c-b69b-11e5-a3ef-ca8d614123eb,1595014920,28c17b3e-b69b-11e5-a3ef-ca8d614123eb,STREAKY BAY
28e2a7d2-b69b-11e5-a3ef-ca8d614123eb,1595114921,28c32e02-b69b-11e5-a3ef-ca8d614123eb,EH2
28e2a926-b69b-11e5-a3ef-ca8d614123eb,1595314923,8c8cc713-d391-4a94-980f-c1141f3a26cb,CEDUNA
28e2ab9c-b69b-11e5-a3ef-ca8d614123eb,1595514925,28c03b66-b69b-11e5-a3ef-ca8d614123eb,TIATUCKIA
28e2ace6-b69b-11e5-a3ef-ca8d614123eb,1596414934,28c2ec6c-b69b-11e5-a3ef-ca8d614123eb,BOSTON
28e2af8e-b69b-11e5-a3ef-ca8d614123eb,1596514935,28c4403a-b69b-11e5-a3ef-ca8d614123eb,EH2
28e2b01a-b69b-11e5-a3ef-ca8d614123eb,1596614936,28c4c906-b69b-11e5-a3ef-ca8d614123eb,POONINDIE
28e2b240-b69b-11e5-a3ef-ca8d614123eb,1604315013,28c42fbe-b69b-11e5-a3ef-ca8d614123eb,CEDUNA
28e2b45c-b69b-11e5-a3ef-ca8d614123eb,1604515015,28c15816-b69b-11e5-a3ef-ca8d614123eb,POONINDIE
28e2b740-b69b-11e5-a3ef-ca8d614123eb,1604915019,28c3b700-b69b-11e5-a3ef-ca8d614123eb,CEDUNA
28e2b966-b69b-11e5-a3ef-ca8d614123eb,1605015020,28ca3792-b69b-11e5-a3ef-ca8d614123eb,PORT LINCOLN
28e2be3e-b69b-11e5-a3ef-ca8d614123eb,1605115021,28c3a0c6-b69b-11e5-a3ef-ca8d614123eb,PORT LINCOLN
28e2beb6-b69b-11e5-a3ef-ca8d614123eb,1605215022,28c9dba8-b69b-11e5-a3ef-ca8d614123eb,BOSTON
28e2bf1a-b69b-11e5-a3ef-ca8d614123eb,1605315023,28ca1c30-b69b-11e5-a3ef-ca8d614123eb,TOOLIGIE
28e2bf7e-b69b-11e5-a3ef-ca8d614123eb,1605515025,28c2a8c4-b69b-11e5-a3ef-ca8d614123eb,BOSTON
28e2bfe2-b69b-11e5-a3ef-ca8d614123eb,1605615026,28ca045c-b69b-11e5-a3ef-ca8d614123eb,KAPINNIE
28e2c046-b69b-11e5-a3ef-ca8d614123eb,1605715027,28c4102e-b69b-11e5-a3ef-ca8d614123eb,BOSTON
28e2c0a0-b69b-11e5-a3ef-ca8d614123eb,1613415104,28c4d810-b69b-11e5-a3ef-ca8d614123eb,CEDUNA
28e2c104-b69b-11e5-a3ef-ca8d614123eb,1614915119,28bf1858-b69b-11e5-a3ef-ca8d614123eb,BOSTON
28e2c168-b69b-11e5-a3ef-ca8d614123eb,1615615126,28c3b1c4-b69b-11e5-a3ef-ca8d614123eb,COOMUNGA
28e2c1c2-b69b-11e5-a3ef-ca8d614123eb,1615915129,28c49ee0-b69b-11e5-a3ef-ca8d614123eb,BOSTON
28e2c280-b69b-11e5-a3ef-ca8d614123eb,1616415134,28c4c456-b69b-11e5-a3ef-ca8d614123eb,CEDUNA
28e2c2e4-b69b-11e5-a3ef-ca8d614123eb,1616715137,28bf1358-b69b-11e5-a3ef-ca8d614123eb,CEDUNA WATERS
28e2c348-b69b-11e5-a3ef-ca8d614123eb,1616815138,28c3b890-b69b-11e5-a3ef-ca8d614123eb,CEDUNA WATERS
28e2c3ac-b69b-11e5-a3ef-ca8d614123eb,1619615166,28c5209a-b69b-11e5-a3ef-ca8d614123eb,Port Augusta West
28e2c41a-b69b-11e5-a3ef-ca8d614123eb,1619915969,28c5298c-b69b-11e5-a3ef-ca8d614123eb,SCEALE BAY
28e2c474-b69b-11e5-a3ef-ca8d614123eb,1630915278,28ca16ae-b69b-11e5-a3ef-ca8d614123eb,BOSTON
28e2c4d8-b69b-11e5-a3ef-ca8d614123eb,1634715317,,STREAKY BAY
28e2c53c-b69b-11e5-a3ef-ca8d614123eb,1634815318,,STREAKY BAY
28e2c596-b69b-11e5-a3ef-ca8d614123eb,1634915319,28c36f66-b69b-11e5-a3ef-ca8d614123eb,CLEVE
28e2c5fa-b69b-11e5-a3ef-ca8d614123eb,1635015320,28bf15a6-b69b-11e5-a3ef-ca8d614123eb,YANINEE
28e2c65e-b69b-11e5-a3ef-ca8d614123eb,1635115321,28c31cfa-b69b-11e5-a3ef-ca8d614123eb,COWELL
28e2c6b8-b69b-11e5-a3ef-ca8d614123eb,1635215322,28c66a54-b69b-11e5-a3ef-ca8d614123eb,BOSTON
28e2c71c-b69b-11e5-a3ef-ca8d614123eb,1635315323,28c36386-b69b-11e5-a3ef-ca8d614123eb,STREAKY BAY
28e2c776-b69b-11e5-a3ef-ca8d614123eb,1639915369,28bf0976-b69b-11e5-a3ef-ca8d614123eb,EH2
28e2c7da-b69b-11e5-a3ef-ca8d614123eb,1640115371,28ca2720-b69b-11e5-a3ef-ca8d614123eb,BOSTON
28e2c834-b69b-11e5-a3ef-ca8d614123eb,1640215372,28c4cc8a-b69b-11e5-a3ef-ca8d614123eb,WHYALLA
28e2c898-b69b-11e5-a3ef-ca8d614123eb,1640715377,28c549bc-b69b-11e5-a3ef-ca8d614123eb,CEDUNA
28e2c8f2-b69b-11e5-a3ef-ca8d614123eb,1640815388,28c64b96-b69b-11e5-a3ef-ca8d614123eb,CEDUNA
28e2c956-b69b-11e5-a3ef-ca8d614123eb,1640915379,28c5231a-b69b-11e5-a3ef-ca8d614123eb,CEDUNA
28e2c9ba-b69b-11e5-a3ef-ca8d614123eb,1641015380,28c4f3a4-b69b-11e5-a3ef-ca8d614123eb,EH2
28e2ca14-b69b-11e5-a3ef-ca8d614123eb,1646115531,28c02ec8-b69b-11e5-a3ef-ca8d614123eb,CUMMINS
28e2ca78-b69b-11e5-a3ef-ca8d614123eb,1648115451,28c036a2-b69b-11e5-a3ef-ca8d614123eb,EH2
28e2cad2-b69b-11e5-a3ef-ca8d614123eb,1653715507,28ca03e4-b69b-11e5-a3ef-ca8d614123eb,KAPINNIE
28e2cb36-b69b-11e5-a3ef-ca8d614123eb,1653815508,28c55f38-b69b-11e5-a3ef-ca8d614123eb,ELLISTON
28e2cb9a-b69b-11e5-a3ef-ca8d614123eb,1654015510,28c18048-b69b-11e5-a3ef-ca8d614123eb,FARM BEACH
28e2cc08-b69b-11e5-a3ef-ca8d614123eb,1654415514,28bf17f4-b69b-11e5-a3ef-ca8d614123eb,BOSTON
28e2ccb2-b69b-11e5-a3ef-ca8d614123eb,1656215532,28c54c14-b69b-11e5-a3ef-ca8d614123eb,ELLISTON
28e2cd48-b69b-11e5-a3ef-ca8d614123eb,1658315553,28c51712-b69b-11e5-a3ef-ca8d614123eb,"LIPSON, SA"
28e2ce1a-b69b-11e5-a3ef-ca8d614123eb,1659415564,28c52c2a-b69b-11e5-a3ef-ca8d614123eb,EH2
28e2ceb0-b69b-11e5-a3ef-ca8d614123eb,1659515565,28c9cbcc-b69b-11e5-a3ef-ca8d614123eb,EH2
28e2cf5a-b69b-11e5-a3ef-ca8d614123eb,1660715577,28c9e486-b69b-11e5-a3ef-ca8d614123eb,CLEVE
28e2cffa-b69b-11e5-a3ef-ca8d614123eb,1663015600,13fa9e2a-d7ae-422d-becd-ec2d4909011b,LIPSON
28e2d09a-b69b-11e5-a3ef-ca8d614123eb,1663515605,28c9c1a4-b69b-11e5-a3ef-ca8d614123eb,EH2
28e2d13a-b69b-11e5-a3ef-ca8d614123eb,1663715607,28c3f1ca-b69b-11e5-a3ef-ca8d614123eb,TUMBY BAY
28e2d1d0-b69b-11e5-a3ef-ca8d614123eb,1667015740,28ca3cec-b69b-11e5-a3ef-ca8d614123eb,WHYALLA
28e2d270-b69b-11e5-a3ef-ca8d614123eb,1670215672,28c9dffe-b69b-11e5-a3ef-ca8d614123eb,CEDUNA
28e2d3a6-b69b-11e5-a3ef-ca8d614123eb,1671215682,28c475fa-b69b-11e5-a3ef-ca8d614123eb,CEDUNA WATERS
28e2d446-b69b-11e5-a3ef-ca8d614123eb,1671315683,28c4d4e6-b69b-11e5-a3ef-ca8d614123eb,TIATUCKIA
28e2d4dc-b69b-11e5-a3ef-ca8d614123eb,1671715687,28c02752-b69b-11e5-a3ef-ca8d614123eb,CEDUNA WATERS
28e2d54a-b69b-11e5-a3ef-ca8d614123eb,1672215692,28c35de6-b69b-11e5-a3ef-ca8d614123eb,CEDUNA
28e2d5a4-b69b-11e5-a3ef-ca8d614123eb,1676815738,28befff8-b69b-11e5-a3ef-ca8d614123eb,TUMBY BAY
28e2d608-b69b-11e5-a3ef-ca8d614123eb,1676915739,bfe0cae6-23fe-4435-b255-a328748e4d11,CEDUNA
28e2d6c6-b69b-11e5-a3ef-ca8d614123eb,1677115741,c9145df5-c7b5-4ae3-92fd-1ca838dd3730,TIATUCKIA
28e2d72a-b69b-11e5-a3ef-ca8d614123eb,1677215742,28c022b6-b69b-11e5-a3ef-ca8d614123eb,STREAKY BAY
28e2d784-b69b-11e5-a3ef-ca8d614123eb,1677615746,28c2f702-b69b-11e5-a3ef-ca8d614123eb,BUTLER TANKS
28e2d7e8-b69b-11e5-a3ef-ca8d614123eb,1677715747,28c45e1c-b69b-11e5-a3ef-ca8d614123eb,EH2
28e2d842-b69b-11e5-a3ef-ca8d614123eb,1682615796,28bf0390-b69b-11e5-a3ef-ca8d614123eb,EH2
28e2d8a6-b69b-11e5-a3ef-ca8d614123eb,1685715827,a32d3e41-9cc1-4636-9b4c-a9a9eab9f4c7,POONINDIE
28e2d900-b69b-11e5-a3ef-ca8d614123eb,1685915829,28c366a6-b69b-11e5-a3ef-ca8d614123eb,EDILILLIE
28e2d964-b69b-11e5-a3ef-ca8d614123eb,1686015830,28c03076-b69b-11e5-a3ef-ca8d614123eb,BOSTON
28e2d9c8-b69b-11e5-a3ef-ca8d614123eb,1687415844,28c41fa6-b69b-11e5-a3ef-ca8d614123eb,EH2
28e2da22-b69b-11e5-a3ef-ca8d614123eb,1687615846,28ca4f3e-b69b-11e5-a3ef-ca8d614123eb,WHITE FLAT
28e2da86-b69b-11e5-a3ef-ca8d614123eb,1687715847,28c535da-b69b-11e5-a3ef-ca8d614123eb,EH2
28e2db44-b69b-11e5-a3ef-ca8d614123eb,1700015970,28c40b6a-b69b-11e5-a3ef-ca8d614123eb,STREAKY BAY
28e2dba8-b69b-11e5-a3ef-ca8d614123eb,1700115971,28bf0d5e-b69b-11e5-a3ef-ca8d614123eb,EH2
28e2dc02-b69b-11e5-a3ef-ca8d614123eb,1700315973,28c9d086-b69b-11e5-a3ef-ca8d614123eb,EH2
28e2dc66-b69b-11e5-a3ef-ca8d614123eb,1700415974,28c47bd6-b69b-11e5-a3ef-ca8d614123eb,CUMMINS
28e2dcc0-b69b-11e5-a3ef-ca8d614123eb,1700515975,28c3a648-b69b-11e5-a3ef-ca8d614123eb,POONINDIE
28e2dd24-b69b-11e5-a3ef-ca8d614123eb,1700615976,28c662fc-b69b-11e5-a3ef-ca8d614123eb,WANGARY
28e2dd88-b69b-11e5-a3ef-ca8d614123eb,1721416184,28c3768c-b69b-11e5-a3ef-ca8d614123eb,WHYALLA JENKINS
28e2dde2-b69b-11e5-a3ef-ca8d614123eb,1741116381,28c3c894-b69b-11e5-a3ef-ca8d614123eb,BOSTON
28e2de46-b69b-11e5-a3ef-ca8d614123eb,1741316383,a72214ea-a5b4-4dc5-bc10-5e90494343a3,BOSTON
28e2debe-b69b-11e5-a3ef-ca8d614123eb,1741916389,28ca192e-b69b-11e5-a3ef-ca8d614123eb,CEDUNA WATERS
28e2df2c-b69b-11e5-a3ef-ca8d614123eb,1742016390,28c433d8-b69b-11e5-a3ef-ca8d614123eb,Elliston
28e2df90-b69b-11e5-a3ef-ca8d614123eb,1742116391,28c29c94-b69b-11e5-a3ef-ca8d614123eb,EH2
28e2dff4-b69b-11e5-a3ef-ca8d614123eb,1742216392,e982ee60-013b-4bfc-b70b-bd83c81e1e0f,WANILLA
28e2e04e-b69b-11e5-a3ef-ca8d614123eb,1742516395,da970d61-dc95-4a85-85d8-584efd58f3ac,CEDUNA WATERS
28e2e0b2-b69b-11e5-a3ef-ca8d614123eb,1742616396,28c5504c-b69b-11e5-a3ef-ca8d614123eb,CEDUNA WATERS
28e2e116-b69b-11e5-a3ef-ca8d614123eb,1752916499,28c9dea0-b69b-11e5-a3ef-ca8d614123eb,POONINDIE
28e2e170-b69b-11e5-a3ef-ca8d614123eb,1753016500,28c52752-b69b-11e5-a3ef-ca8d614123eb,COWELL
28e2e1d4-b69b-11e5-a3ef-ca8d614123eb,1753116501,28c3551c-b69b-11e5-a3ef-ca8d614123eb,KAPINNIE
28e2e238-b69b-11e5-a3ef-ca8d614123eb,1753216502,28c3bee4-b69b-11e5-a3ef-ca8d614123eb,CEDUNA WATERS
28e2e29c-b69b-11e5-a3ef-ca8d614123eb,1753316503,28c659e2-b69b-11e5-a3ef-ca8d614123eb,POONINDIE
28e2e2f6-b69b-11e5-a3ef-ca8d614123eb,1753416504,28c2e5d2-b69b-11e5-a3ef-ca8d614123eb,BOSTON
28e2e35a-b69b-11e5-a3ef-ca8d614123eb,1756916539,28c52392-b69b-11e5-a3ef-ca8d614123eb,YALLUNDA FLAT
28e2e3b4-b69b-11e5-a3ef-ca8d614123eb,1757316543,28c3a134-b69b-11e5-a3ef-ca8d614123eb,POONINDIE
28e2e418-b69b-11e5-a3ef-ca8d614123eb,1760016570,28ca3472-b69b-11e5-a3ef-ca8d614123eb,DUTTON BAY
28e2e47c-b69b-11e5-a3ef-ca8d614123eb,1761516585,28c9d5e0-b69b-11e5-a3ef-ca8d614123eb,EH2
28e2e634-b69b-11e5-a3ef-ca8d614123eb,1761716587,28c29de8-b69b-11e5-a3ef-ca8d614123eb,BOSTON
28e2e698-b69b-11e5-a3ef-ca8d614123eb,1761916589,28c9d536-b69b-11e5-a3ef-ca8d614123eb,BOSTON
28e2e6f2-b69b-11e5-a3ef-ca8d614123eb,1774516715,28c4d1b2-b69b-11e5-a3ef-ca8d614123eb,POONINDIE
28e2e756-b69b-11e5-a3ef-ca8d614123eb,1774616716,28c00dd0-b69b-11e5-a3ef-ca8d614123eb,COWELL
28e2e7ba-b69b-11e5-a3ef-ca8d614123eb,1774716717,28c5542a-b69b-11e5-a3ef-ca8d614123eb,EH2
28e2e81e-b69b-11e5-a3ef-ca8d614123eb,1774816718,28c16784-b69b-11e5-a3ef-ca8d614123eb,WHYALLA
28e2e878-b69b-11e5-a3ef-ca8d614123eb,1774916719,28c640f6-b69b-11e5-a3ef-ca8d614123eb,BOSTON
28e2e8dc-b69b-11e5-a3ef-ca8d614123eb,1775516725,28c365c0-b69b-11e5-a3ef-ca8d614123eb,CEDUNA WATERS
28e2e940-b69b-11e5-a3ef-ca8d614123eb,1778216752,28c2a004-b69b-11e5-a3ef-ca8d614123eb,POONINDIE
28e2e9a4-b69b-11e5-a3ef-ca8d614123eb,1778316753,28ca1de8-b69b-11e5-a3ef-ca8d614123eb,WHYALLA NORRIE
28e2ea08-b69b-11e5-a3ef-ca8d614123eb,1783116801,28c03bca-b69b-11e5-a3ef-ca8d614123eb,STREAKY BAY
28e2ea6c-b69b-11e5-a3ef-ca8d614123eb,1783216802,28c3fa76-b69b-11e5-a3ef-ca8d614123eb,WANGARY
28e2eac6-b69b-11e5-a3ef-ca8d614123eb,1784416814,28c04610-b69b-11e5-a3ef-ca8d614123eb,POONINDIE
28e2eb2a-b69b-11e5-a3ef-ca8d614123eb,1784516815,b2b61542-b8d0-11e5-ae8f-026d0bb87e55,Boston
28e2eb8e-b69b-11e5-a3ef-ca8d614123eb,1802216992,28c3646c-b69b-11e5-a3ef-ca8d614123eb,COFFIN BAY
28e2ebf2-b69b-11e5-a3ef-ca8d614123eb,1802316993,28c57004-b69b-11e5-a3ef-ca8d614123eb,CUMMINS
28e2edfa-b69b-11e5-a3ef-ca8d614123eb,1802416994,28c66b6c-b69b-11e5-a3ef-ca8d614123eb,BOSTON
28e2ee5e-b69b-11e5-a3ef-ca8d614123eb,1802516995,28c664c8-b69b-11e5-a3ef-ca8d614123eb,TUMBY BAY
28e2ef44-b69b-11e5-a3ef-ca8d614123eb,1802616996,28c44d28-b69b-11e5-a3ef-ca8d614123eb,PORT KENNY
28e2efb2-b69b-11e5-a3ef-ca8d614123eb,1802716997,28c5315c-b69b-11e5-a3ef-ca8d614123eb,TIATUCKIA
28e2f016-b69b-11e5-a3ef-ca8d614123eb,1802816998,28c4fed0-b69b-11e5-a3ef-ca8d614123eb,CUMMINS
28e2f07a-b69b-11e5-a3ef-ca8d614123eb,1804117011,28c64f88-b69b-11e5-a3ef-ca8d614123eb,CEDUNA
28e2f304-b69b-11e5-a3ef-ca8d614123eb,1807217042,28c39a7c-b69b-11e5-a3ef-ca8d614123eb,CEDUNA WATERS
28e2f368-b69b-11e5-a3ef-ca8d614123eb,1807517045,28c17bc0-b69b-11e5-a3ef-ca8d614123eb,BOSTON
28e2f3c2-b69b-11e5-a3ef-ca8d614123eb,1807917019,28c39efa-b69b-11e5-a3ef-ca8d614123eb,TIATUKIA
28e2f41c-b69b-11e5-a3ef-ca8d614123eb,1809617066,28c3ba70-b69b-11e5-a3ef-ca8d614123eb,ELLISTON
28e2f6a6-b69b-11e5-a3ef-ca8d614123eb,1809717067,28c3937e-b69b-11e5-a3ef-ca8d614123eb,BOSTON
28e2f764-b69b-11e5-a3ef-ca8d614123eb,1821417184,28c01e88-b69b-11e5-a3ef-ca8d614123eb,Boston
28e2f7d2-b69b-11e5-a3ef-ca8d614123eb,1821617186,28c3a59e-b69b-11e5-a3ef-ca8d614123eb,CEDUNA WATERS
28e3059c-b69b-11e5-a3ef-ca8d614123eb,1822017190,28c37290-b69b-11e5-a3ef-ca8d614123eb,BOSTON
28e30678-b69b-11e5-a3ef-ca8d614123eb,1822117191,28c2d646-b69b-11e5-a3ef-ca8d614123eb,WIRRULLA
28e30722-b69b-11e5-a3ef-ca8d614123eb,1822217192,28ca5402-b69b-11e5-a3ef-ca8d614123eb,POONINDIE
28e309c0-b69b-11e5-a3ef-ca8d614123eb,1822417194,28ca4e62-b69b-11e5-a3ef-ca8d614123eb,Hawson
28e30a74-b69b-11e5-a3ef-ca8d614123eb,1823117201,28c63e94-b69b-11e5-a3ef-ca8d614123eb,Eucla
28e30d3a-b69b-11e5-a3ef-ca8d614123eb,1824817218,28c02dec-b69b-11e5-a3ef-ca8d614123eb,Cowell
28e30f7e-b69b-11e5-a3ef-ca8d614123eb,1825717227,28c373bc-b69b-11e5-a3ef-ca8d614123eb,DENIAL BAY
28e311b8-b69b-11e5-a3ef-ca8d614123eb,1828217252,28befeb8-b69b-11e5-a3ef-ca8d614123eb,CEDUNA
28e314b0-b69b-11e5-a3ef-ca8d614123eb,38993808,28c37eca-b69b-11e5-a3ef-ca8d614123eb,PANORAMIC
28e31a46-b69b-11e5-a3ef-ca8d614123eb,39013810,28c31c1e-b69b-11e5-a3ef-ca8d614123eb,COWELL
28e31b04-b69b-11e5-a3ef-ca8d614123eb,39023811,28c548c2-b69b-11e5-a3ef-ca8d614123eb,MINNIPA
28e31bae-b69b-11e5-a3ef-ca8d614123eb,39033812,28c329ca-b69b-11e5-a3ef-ca8d614123eb,GAWLER RANGES NATIONAL PARK HOMESTEAD
28e31c1c-b69b-11e5-a3ef-ca8d614123eb,41964103,28ca219e-b69b-11e5-a3ef-ca8d614123eb,TULKA
28e31c80-b69b-11e5-a3ef-ca8d614123eb,41984105,28befa9e-b69b-11e5-a3ef-ca8d614123eb,PANORAMIC
28e31ce4-b69b-11e5-a3ef-ca8d614123eb,41994106,28c437b6-b69b-11e5-a3ef-ca8d614123eb,COOMUNGA
28e31d48-b69b-11e5-a3ef-ca8d614123eb,43354236,28ca0ff6-b69b-11e5-a3ef-ca8d614123eb,WANGARY
28e31dac-b69b-11e5-a3ef-ca8d614123eb,43364237,28c3a440-b69b-11e5-a3ef-ca8d614123eb,ARNO BAY
28e31e10-b69b-11e5-a3ef-ca8d614123eb,43394240,28c31b60-b69b-11e5-a3ef-ca8d614123eb,COWELL
28e31e74-b69b-11e5-a3ef-ca8d614123eb,44664358,28c47d2a-b69b-11e5-a3ef-ca8d614123eb,PORT LINCOLN
28e31ece-b69b-11e5-a3ef-ca8d614123eb,44674359,28c299f6-b69b-11e5-a3ef-ca8d614123eb,CLEVE
28e31f32-b69b-11e5-a3ef-ca8d614123eb,44704362,28c3e5ae-b69b-11e5-a3ef-ca8d614123eb,PANORAMIC
28e31f96-b69b-11e5-a3ef-ca8d614123eb,44714363,28c2d9b6-b69b-11e5-a3ef-ca8d614123eb,ARNO BAY
28e31ff0-b69b-11e5-a3ef-ca8d614123eb,44724364,28c4901c-b69b-11e5-a3ef-ca8d614123eb,VENUS BAY
28e320b8-b69b-11e5-a3ef-ca8d614123eb,44754367,28c56424-b69b-11e5-a3ef-ca8d614123eb,PORT LINCOLN
28e3211c-b69b-11e5-a3ef-ca8d614123eb,46084498,28c3b5b6-b69b-11e5-a3ef-ca8d614123eb,ARNO BAY
28e32180-b69b-11e5-a3ef-ca8d614123eb,46174507,28c3eb8a-b69b-11e5-a3ef-ca8d614123eb,POONINDIE
28e321da-b69b-11e5-a3ef-ca8d614123eb,46184508,28c367f0-b69b-11e5-a3ef-ca8d614123eb,PORT LINCOLN
28e3223e-b69b-11e5-a3ef-ca8d614123eb,46224512,28c3f4a4-b69b-11e5-a3ef-ca8d614123eb,PANORAMIC
28e322fc-b69b-11e5-a3ef-ca8d614123eb,46334522,28ca0f56-b69b-11e5-a3ef-ca8d614123eb,PORT LINCOLN
28e32360-b69b-11e5-a3ef-ca8d614123eb,50494926,28bf1aa6-b69b-11e5-a3ef-ca8d614123eb,WHITES FLAT
28e323c4-b69b-11e5-a3ef-ca8d614123eb,50594936,28c66400-b69b-11e5-a3ef-ca8d614123eb,COOMUNGA
28e3241e-b69b-11e5-a3ef-ca8d614123eb,50604937,28c15118-b69b-11e5-a3ef-ca8d614123eb,ARNO BAY
28e32482-b69b-11e5-a3ef-ca8d614123eb,50624939,28c9e418-b69b-11e5-a3ef-ca8d614123eb,ARNO BAY
28e324e6-b69b-11e5-a3ef-ca8d614123eb,50644941,28c37222-b69b-11e5-a3ef-ca8d614123eb,CLEVE
28e3254a-b69b-11e5-a3ef-ca8d614123eb,50654942,28c01e1a-b69b-11e5-a3ef-ca8d614123eb,CHARLTON GULLY
28e32608-b69b-11e5-a3ef-ca8d614123eb,52665142,28c3ae04-b69b-11e5-a3ef-ca8d614123eb,VENUS BAY
28e32662-b69b-11e5-a3ef-ca8d614123eb,52675143,28c4016a-b69b-11e5-a3ef-ca8d614123eb,UNGARRA
28e326c6-b69b-11e5-a3ef-ca8d614123eb,52685144,28c2df06-b69b-11e5-a3ef-ca8d614123eb,LOCK
28e3272a-b69b-11e5-a3ef-ca8d614123eb,52695145,28c55c68-b69b-11e5-a3ef-ca8d614123eb,BAYLY PLAINS VIA LOCK
28e3278e-b69b-11e5-a3ef-ca8d614123eb,52715147,28c4e152-b69b-11e5-a3ef-ca8d614123eb,STREAKY BAY
28e327f2-b69b-11e5-a3ef-ca8d614123eb,52725148,2e66af75-afbe-4dc8-9183-3652e9524081,PANORAMIC
28e32856-b69b-11e5-a3ef-ca8d614123eb,52735149,28c029e6-b69b-11e5-a3ef-ca8d614123eb,TIATUCKIA
28e328b0-b69b-11e5-a3ef-ca8d614123eb,52885164,28c04138-b69b-11e5-a3ef-ca8d614123eb,ARNO BAY
28e32914-b69b-11e5-a3ef-ca8d614123eb,53395215,28ca5ede-b69b-11e5-a3ef-ca8d614123eb,PORT LINCOLN
28e32978-b69b-11e5-a3ef-ca8d614123eb,53485221,28c553bc-b69b-11e5-a3ef-ca8d614123eb,COOMUNGA
28e329e6-b69b-11e5-a3ef-ca8d614123eb,53505226,28c2c7dc-b69b-11e5-a3ef-ca8d614123eb,NORTH SHIELDS
28e32aae-b69b-11e5-a3ef-ca8d614123eb,53515227,28c15d2a-b69b-11e5-a3ef-ca8d614123eb,PORT LINCOLN
28e32b44-b69b-11e5-a3ef-ca8d614123eb,53525228,9129c08f-7635-4a64-9d75-be5724adb588,PORT LINCOLN
28e32c84-b69b-11e5-a3ef-ca8d614123eb,53535229,28c36638-b69b-11e5-a3ef-ca8d614123eb,POONINDIE
28e32d2e-b69b-11e5-a3ef-ca8d614123eb,53545230,8ad3fd75-c72c-4346-9764-7789771f69b7,TIATUCKIA
28e32dce-b69b-11e5-a3ef-ca8d614123eb,54035276,28c36e12-b69b-11e5-a3ef-ca8d614123eb,COWELL
28e32e78-b69b-11e5-a3ef-ca8d614123eb,54075280,28c36e12-b69b-11e5-a3ef-ca8d614123eb,COWELL
28e32f18-b69b-11e5-a3ef-ca8d614123eb,54085281,28ca1b54-b69b-11e5-a3ef-ca8d614123eb,PORT LINCOLN
28e32fb8-b69b-11e5-a3ef-ca8d614123eb,54095282,28c506c8-b69b-11e5-a3ef-ca8d614123eb,TIATUCKIA
28e33058-b69b-11e5-a3ef-ca8d614123eb,54215293,28c9e3b4-b69b-11e5-a3ef-ca8d614123eb,BOSTON
28e330ee-b69b-11e5-a3ef-ca8d614123eb,54285300,28ca4a20-b69b-11e5-a3ef-ca8d614123eb,STREAKY BAY
28e3318e-b69b-11e5-a3ef-ca8d614123eb,57895704,28ca04ca-b69b-11e5-a3ef-ca8d614123eb,ARNO BAY
28e3322e-b69b-11e5-a3ef-ca8d614123eb,57905705,28c15aaa-b69b-11e5-a3ef-ca8d614123eb,TUMBY BAY
28e332c4-b69b-11e5-a3ef-ca8d614123eb,58505715,28ca0538-b69b-11e5-a3ef-ca8d614123eb,ARNO BAY
28e3335a-b69b-11e5-a3ef-ca8d614123eb,58905755,28c3ae72-b69b-11e5-a3ef-ca8d614123eb,ARNO BAY
28e333fa-b69b-11e5-a3ef-ca8d614123eb,59645829,28c48b08-b69b-11e5-a3ef-ca8d614123eb,PANORAMIC
28e33490-b69b-11e5-a3ef-ca8d614123eb,59675832,28c160ae-b69b-11e5-a3ef-ca8d614123eb,PORT LINCOLN
28e33530-b69b-11e5-a3ef-ca8d614123eb,59765841,28ca2266-b69b-11e5-a3ef-ca8d614123eb,COOMUNGA
28e335c6-b69b-11e5-a3ef-ca8d614123eb,59815846,28c297f8-b69b-11e5-a3ef-ca8d614123eb,COWELL
28e33666-b69b-11e5-a3ef-ca8d614123eb,59835848,28c423d4-b69b-11e5-a3ef-ca8d614123eb,PORT LINCOLN
28e336fc-b69b-11e5-a3ef-ca8d614123eb,59865851,28c4201e-b69b-11e5-a3ef-ca8d614123eb,COWELL
28e33792-b69b-11e5-a3ef-ca8d614123eb,60475909,28c36d2c-b69b-11e5-a3ef-ca8d614123eb,COWELL
28e33832-b69b-11e5-a3ef-ca8d614123eb,60485910,28c4ac1e-b69b-11e5-a3ef-ca8d614123eb,PANORAMIC
28e338d2-b69b-11e5-a3ef-ca8d614123eb,60525914,28c370c4-b69b-11e5-a3ef-ca8d614123eb,COWELL
28e33968-b69b-11e5-a3ef-ca8d614123eb,60575979,28c4f156-b69b-11e5-a3ef-ca8d614123eb,PORT NEIL
28e33aee-b69b-11e5-a3ef-ca8d614123eb,63226176,28c36be2-b69b-11e5-a3ef-ca8d614123eb,PANORAMIC
28e33b52-b69b-11e5-a3ef-ca8d614123eb,63256179,28c2a932-b69b-11e5-a3ef-ca8d614123eb,PORT LINCOLN
28e33bb6-b69b-11e5-a3ef-ca8d614123eb,63276181,28c65226-b69b-11e5-a3ef-ca8d614123eb,WANGARY
28e33c1a-b69b-11e5-a3ef-ca8d614123eb,63686221,28c3f5da-b69b-11e5-a3ef-ca8d614123eb,COWELL
28e33c74-b69b-11e5-a3ef-ca8d614123eb,63696222,28c35e5e-b69b-11e5-a3ef-ca8d614123eb,COWELL
28e33cd8-b69b-11e5-a3ef-ca8d614123eb,63716224,28c487ac-b69b-11e5-a3ef-ca8d614123eb,BOSTON
28e33d32-b69b-11e5-a3ef-ca8d614123eb,63836236,28c9df0e-b69b-11e5-a3ef-ca8d614123eb,COWELL
28e33d96-b69b-11e5-a3ef-ca8d614123eb,63856238,28c294a6-b69b-11e5-a3ef-ca8d614123eb,PORT LINCOLN
28e33dfa-b69b-11e5-a3ef-ca8d614123eb,63936245,28c9dc16-b69b-11e5-a3ef-ca8d614123eb,VENUS BAY
28e33e54-b69b-11e5-a3ef-ca8d614123eb,63946246,28c01dac-b69b-11e5-a3ef-ca8d614123eb,LITTLE SWAMP
28e33eb8-b69b-11e5-a3ef-ca8d614123eb,65326433,28c1500a-b69b-11e5-a3ef-ca8d614123eb,COWELL
28e33f12-b69b-11e5-a3ef-ca8d614123eb,65836434,28c36b74-b69b-11e5-a3ef-ca8d614123eb,CLEVE
28e33f76-b69b-11e5-a3ef-ca8d614123eb,65946445,28c55254-b69b-11e5-a3ef-ca8d614123eb,ELLISTON
28e33fd0-b69b-11e5-a3ef-ca8d614123eb,66996547,28c29168-b69b-11e5-a3ef-ca8d614123eb,ELLISTON
28e34034-b69b-11e5-a3ef-ca8d614123eb,688967364,28c36c50-b69b-11e5-a3ef-ca8d614123eb,CLEVE
28e34098-b69b-11e5-a3ef-ca8d614123eb,69096756,28c13b06-b69b-11e5-a3ef-ca8d614123eb,TIATUCKIA
28e340fc-b69b-11e5-a3ef-ca8d614123eb,69106757,28ca51a0-b69b-11e5-a3ef-ca8d614123eb,PORT LINCOLN
28e341ba-b69b-11e5-a3ef-ca8d614123eb,69126759,28c4e53a-b69b-11e5-a3ef-ca8d614123eb,BOSTON
28e3421e-b69b-11e5-a3ef-ca8d614123eb,69136760,28ca58da-b69b-11e5-a3ef-ca8d614123eb,BOSTON
28e34278-b69b-11e5-a3ef-ca8d614123eb,69146761,28c654ec-b69b-11e5-a3ef-ca8d614123eb,BOSTON
28e342dc-b69b-11e5-a3ef-ca8d614123eb,69606804,28c3a21a-b69b-11e5-a3ef-ca8d614123eb,KOPPIO
28e34336-b69b-11e5-a3ef-ca8d614123eb,69726816,fe1c58c7-8e3c-443e-ae83-cde8839a3cd3,CLEVE
28e3439a-b69b-11e5-a3ef-ca8d614123eb,69746818,28c4373e-b69b-11e5-a3ef-ca8d614123eb,COWELL
28e343fe-b69b-11e5-a3ef-ca8d614123eb,71026945,28c28592-b69b-11e5-a3ef-ca8d614123eb,CHARLTON GULLY
28e34458-b69b-11e5-a3ef-ca8d614123eb,71036946,28c01938-b69b-11e5-a3ef-ca8d614123eb,PORT LINCOLN
28e34520-b69b-11e5-a3ef-ca8d614123eb,71056948,28c5671c-b69b-11e5-a3ef-ca8d614123eb,ARNO BAY
28e3457a-b69b-11e5-a3ef-ca8d614123eb,71066949,28c36e8a-b69b-11e5-a3ef-ca8d614123eb,PANORAMIC
28e345de-b69b-11e5-a3ef-ca8d614123eb,71096952,28c65b72-b69b-11e5-a3ef-ca8d614123eb,PORT KENNY
28e34638-b69b-11e5-a3ef-ca8d614123eb,71106953,28c16b80-b69b-11e5-a3ef-ca8d614123eb,PORT LINCOLN
28e3469c-b69b-11e5-a3ef-ca8d614123eb,71607002,28c3b3ea-b69b-11e5-a3ef-ca8d614123eb,CLEVE
28e3475a-b69b-11e5-a3ef-ca8d614123eb,73997237,28c5696a-b69b-11e5-a3ef-ca8d614123eb,PORT LINCOLN
28e34926-b69b-11e5-a3ef-ca8d614123eb,74017239,28ca11ea-b69b-11e5-a3ef-ca8d614123eb,STREAKY BAY
28e349f8-b69b-11e5-a3ef-ca8d614123eb,74037241,28c43b44-b69b-11e5-a3ef-ca8d614123eb,PORT LINCOLN
28e34a52-b69b-11e5-a3ef-ca8d614123eb,74047242,28ca1d84-b69b-11e5-a3ef-ca8d614123eb,TIATUCKIA
28e34ab6-b69b-11e5-a3ef-ca8d614123eb,74097247,28c2e8d4-b69b-11e5-a3ef-ca8d614123eb,PORT LINCOLN
28e34b1a-b69b-11e5-a3ef-ca8d614123eb,77437579,28befcba-b69b-11e5-a3ef-ca8d614123eb,CHARLTON GULLY
28e34b7e-b69b-11e5-a3ef-ca8d614123eb,77507586,28ca57a4-b69b-11e5-a3ef-ca8d614123eb,PORT KENNY
28e34bec-b69b-11e5-a3ef-ca8d614123eb,77577593,28c516a4-b69b-11e5-a3ef-ca8d614123eb,CLEVE
28e34c46-b69b-11e5-a3ef-ca8d614123eb,77587594,28c9fc1e-b69b-11e5-a3ef-ca8d614123eb,WHITE FLAT
28e34ca0-b69b-11e5-a3ef-ca8d614123eb,77597595,0317b2c9-da44-4ce7-b684-018f14b1ba7f,CHARLTON GULLY
28e34d04-b69b-11e5-a3ef-ca8d614123eb,77657601,28c2ece4-b69b-11e5-a3ef-ca8d614123eb,COWELL
28e34d5e-b69b-11e5-a3ef-ca8d614123eb,77687604,28bf08e0-b69b-11e5-a3ef-ca8d614123eb,ARNO BAY
28e34e26-b69b-11e5-a3ef-ca8d614123eb,80037838,28ca601e-b69b-11e5-a3ef-ca8d614123eb,PORT LINCOLN
28e34e8a-b69b-11e5-a3ef-ca8d614123eb,80087843,28ca0d58-b69b-11e5-a3ef-ca8d614123eb,PORT LINCOLN
28e34f48-b69b-11e5-a3ef-ca8d614123eb,80167851,28ca5e0c-b69b-11e5-a3ef-ca8d614123eb,PORT NEIL
28e34fac-b69b-11e5-a3ef-ca8d614123eb,80177852,28c514e2-b69b-11e5-a3ef-ca8d614123eb,TIATUCKIA
28e3506a-b69b-11e5-a3ef-ca8d614123eb,80207855,28c9da68-b69b-11e5-a3ef-ca8d614123eb,COULTA
28e350ce-b69b-11e5-a3ef-ca8d614123eb,80727907,28c3797a-b69b-11e5-a3ef-ca8d614123eb,STIRLING NORTH
28e35128-b69b-11e5-a3ef-ca8d614123eb,80877922,28c3e540-b69b-11e5-a3ef-ca8d614123eb,PORT LINCOLN
28e3518c-b69b-11e5-a3ef-ca8d614123eb,80887923,28c566ae-b69b-11e5-a3ef-ca8d614123eb,VENUS BAY
28e351e6-b69b-11e5-a3ef-ca8d614123eb,80907925,28c42c6c-b69b-11e5-a3ef-ca8d614123eb,PORT LINCOLN
28e35240-b69b-11e5-a3ef-ca8d614123eb,80927927,28c65c08-b69b-11e5-a3ef-ca8d614123eb,PORT KENNY
28e352a4-b69b-11e5-a3ef-ca8d614123eb,80967931,28c166f8-b69b-11e5-a3ef-ca8d614123eb,ELLISTON
28e35308-b69b-11e5-a3ef-ca8d614123eb,80977932,28c36b06-b69b-11e5-a3ef-ca8d614123eb,COWELL
28e3536c-b69b-11e5-a3ef-ca8d614123eb,81007935,28c51f50-b69b-11e5-a3ef-ca8d614123eb,ARNO BAY
28e353c6-b69b-11e5-a3ef-ca8d614123eb,82758107,28c43662-b69b-11e5-a3ef-ca8d614123eb,PORT LINCOLN
28e3542a-b69b-11e5-a3ef-ca8d614123eb,82768108,28c9d28e-b69b-11e5-a3ef-ca8d614123eb,ELLISTON
28e3548e-b69b-11e5-a3ef-ca8d614123eb,82778109,28c2dfb0-b69b-11e5-a3ef-ca8d614123eb,WANGARY
28e354e8-b69b-11e5-a3ef-ca8d614123eb,82798111,28c2d362-b69b-11e5-a3ef-ca8d614123eb,DUTTON BAY
28e3554c-b69b-11e5-a3ef-ca8d614123eb,82828114,28c28e0c-b69b-11e5-a3ef-ca8d614123eb,WANGARY
28e355b0-b69b-11e5-a3ef-ca8d614123eb,82838115,28c65ed8-b69b-11e5-a3ef-ca8d614123eb,NORTH SHIELDS
28e3560a-b69b-11e5-a3ef-ca8d614123eb,82938125,28c3e856-b69b-11e5-a3ef-ca8d614123eb,ELLISTON
28e3566e-b69b-11e5-a3ef-ca8d614123eb,86478477,28c2818c-b69b-11e5-a3ef-ca8d614123eb,CLEVE
28e356c8-b69b-11e5-a3ef-ca8d614123eb,86568486,28c429ce-b69b-11e5-a3ef-ca8d614123eb,PORT NEIL
28e3572c-b69b-11e5-a3ef-ca8d614123eb,86628492,28c4a34a-b69b-11e5-a3ef-ca8d614123eb,ELLISTON
28e35786-b69b-11e5-a3ef-ca8d614123eb,87018531,28c3966c-b69b-11e5-a3ef-ca8d614123eb,DUTTON BAY
28e357ea-b69b-11e5-a3ef-ca8d614123eb,87248554,c3bd158c-8a55-4cd4-bd90-6edcac8ddc43,STREAKY BAY
28e35844-b69b-11e5-a3ef-ca8d614123eb,87258555,28c45458-b69b-11e5-a3ef-ca8d614123eb,CLEVE
28e358a8-b69b-11e5-a3ef-ca8d614123eb,87298559,926e381f-d0c0-4237-b8b5-2ec248ade50b,PORT LINCOLN
28e35902-b69b-11e5-a3ef-ca8d614123eb,87328562,b0e93f69-d224-4a28-bf0d-3b53e49fb7db,DUCK PONDS
28e35966-b69b-11e5-a3ef-ca8d614123eb,87338563,28c427e4-b69b-11e5-a3ef-ca8d614123eb,WHITE FLAT
28e359c0-b69b-11e5-a3ef-ca8d614123eb,87458575,28c54840-b69b-11e5-a3ef-ca8d614123eb,COWELL
28e35a7e-b69b-11e5-a3ef-ca8d614123eb,87518581,28c4965c-b69b-11e5-a3ef-ca8d614123eb,CUMMINS
28e35ae2-b69b-11e5-a3ef-ca8d614123eb,87528582,28c42f1e-b69b-11e5-a3ef-ca8d614123eb,TUMBY BAY
28e35b46-b69b-11e5-a3ef-ca8d614123eb,87588588,8f7f2ed2-c478-406f-af6d-8d4192793547,TIATUCKIA
28e35ba0-b69b-11e5-a3ef-ca8d614123eb,88048633,28c9d68a-b69b-11e5-a3ef-ca8d614123eb,NORTH SHIELDS
28e35c04-b69b-11e5-a3ef-ca8d614123eb,88238652,28bf0fc0-b69b-11e5-a3ef-ca8d614123eb,PORT LINCOLN
28e35c5e-b69b-11e5-a3ef-ca8d614123eb,88298658,28c04570-b69b-11e5-a3ef-ca8d614123eb,PORT LINCOLN
28e35cc2-b69b-11e5-a3ef-ca8d614123eb,88328661,28c3d564-b69b-11e5-a3ef-ca8d614123eb,BOSTON
28e35d1c-b69b-11e5-a3ef-ca8d614123eb,88338662,28ca29dc-b69b-11e5-a3ef-ca8d614123eb,PANORAMIC
28e35f38-b69b-11e5-a3ef-ca8d614123eb,88348663,28c011e0-b69b-11e5-a3ef-ca8d614123eb,PORT LINCOLN
28e35ff6-b69b-11e5-a3ef-ca8d614123eb,88958721,28c32d12-b69b-11e5-a3ef-ca8d614123eb,STIRLING NORTH
28e3605a-b69b-11e5-a3ef-ca8d614123eb,91688991,28c2e99c-b69b-11e5-a3ef-ca8d614123eb,PORT NEIL
28e360be-b69b-11e5-a3ef-ca8d614123eb,91708933,28c44f26-b69b-11e5-a3ef-ca8d614123eb,TUMBY BAY
28e36118-b69b-11e5-a3ef-ca8d614123eb,91718994,28c2a69e-b69b-11e5-a3ef-ca8d614123eb,COWELL
28e3617c-b69b-11e5-a3ef-ca8d614123eb,91789002,28ca4fa2-b69b-11e5-a3ef-ca8d614123eb,WANILLA
28e361d6-b69b-11e5-a3ef-ca8d614123eb,91809004,28c2b058-b69b-11e5-a3ef-ca8d614123eb,WANGARY
28e3623a-b69b-11e5-a3ef-ca8d614123eb,91819005,28c2d59c-b69b-11e5-a3ef-ca8d614123eb,COWELL
28e36294-b69b-11e5-a3ef-ca8d614123eb,91859009,28c03f12-b69b-11e5-a3ef-ca8d614123eb,COWELL
28e362f8-b69b-11e5-a3ef-ca8d614123eb,92639087,28c539ea-b69b-11e5-a3ef-ca8d614123eb,ARNO BAY
28e36352-b69b-11e5-a3ef-ca8d614123eb,92649088,28c3251a-b69b-11e5-a3ef-ca8d614123eb,PORT LINCOLN
28e363b6-b69b-11e5-a3ef-ca8d614123eb,92749098,28c65dca-b69b-11e5-a3ef-ca8d614123eb,TIATUCKIA
28e36474-b69b-11e5-a3ef-ca8d614123eb,92819105,28c43cf2-b69b-11e5-a3ef-ca8d614123eb,ELLISTON
28e364ce-b69b-11e5-a3ef-ca8d614123eb,92869110,28c2e24e-b69b-11e5-a3ef-ca8d614123eb,PORT LINCOLN
28e36532-b69b-11e5-a3ef-ca8d614123eb,92909114,28bf1088-b69b-11e5-a3ef-ca8d614123eb,CLEVE
28e3658c-b69b-11e5-a3ef-ca8d614123eb,94249244,28c493a0-b69b-11e5-a3ef-ca8d614123eb,TUMBY BAY
28e365f0-b69b-11e5-a3ef-ca8d614123eb,94269246,28c3c24a-b69b-11e5-a3ef-ca8d614123eb,PORT NEIL
28e3664a-b69b-11e5-a3ef-ca8d614123eb,94279247,28c43bb2-b69b-11e5-a3ef-ca8d614123eb,COWELL
28e366ae-b69b-11e5-a3ef-ca8d614123eb,94309250,3229c706-12ed-4ae5-9d20-5c29c29918d1,BOSTON
28e36712-b69b-11e5-a3ef-ca8d614123eb,94319251,28c16c02-b69b-11e5-a3ef-ca8d614123eb,Ceduna
28e36776-b69b-11e5-a3ef-ca8d614123eb,94339253,28c40246-b69b-11e5-a3ef-ca8d614123eb,TUMBY BAY
28e367da-b69b-11e5-a3ef-ca8d614123eb,94349254,28c2ad06-b69b-11e5-a3ef-ca8d614123eb,PANORAMIC
28e36834-b69b-11e5-a3ef-ca8d614123eb,95059324,28c361b0-b69b-11e5-a3ef-ca8d614123eb,PORT AUGUSTA
28e36898-b69b-11e5-a3ef-ca8d614123eb,95649383,28c04dd6-b69b-11e5-a3ef-ca8d614123eb,PANORAMIC
28e368f2-b69b-11e5-a3ef-ca8d614123eb,96039421,28c35f62-b69b-11e5-a3ef-ca8d614123eb,WANGARY
28e36956-b69b-11e5-a3ef-ca8d614123eb,96519469,28c9ed0a-b69b-11e5-a3ef-ca8d614123eb,PORT LINCOLN
28e369b0-b69b-11e5-a3ef-ca8d614123eb,96789494,28c576a8-b69b-11e5-a3ef-ca8d614123eb,PORT LINCOLN
28e36a14-b69b-11e5-a3ef-ca8d614123eb,96829498,28c9e346-b69b-11e5-a3ef-ca8d614123eb,ARNO BAY
28e36a6e-b69b-11e5-a3ef-ca8d614123eb,96889504,28c4db4e-b69b-11e5-a3ef-ca8d614123eb,POONINDIE
28e36ac8-b69b-11e5-a3ef-ca8d614123eb,98529668,28c3f026-b69b-11e5-a3ef-ca8d614123eb,DUTTON BAY
28e36b2c-b69b-11e5-a3ef-ca8d614123eb,98539669,28c572c0-b69b-11e5-a3ef-ca8d614123eb,DUTTON BAY
28e36b90-b69b-11e5-a3ef-ca8d614123eb,98549670,28ca52d6-b69b-11e5-a3ef-ca8d614123eb,PANORAMIC
28e36bea-b69b-11e5-a3ef-ca8d614123eb,98779692,28c33708-b69b-11e5-a3ef-ca8d614123eb,BOSTON
28e36df2-b69b-11e5-a3ef-ca8d614123eb,98919705,28c4c0b4-b69b-11e5-a3ef-ca8d614123eb,COWELL
28e36e56-b69b-11e5-a3ef-ca8d614123eb,98979711,28c164be-b69b-11e5-a3ef-ca8d614123eb,ARNO BAY
28e36eb0-b69b-11e5-a3ef-ca8d614123eb,99029716,28c2a630-b69b-11e5-a3ef-ca8d614123eb,COWELL
28e36f1e-b69b-11e5-a3ef-ca8d614123eb,AP592,28c395cc-b69b-11e5-a3ef-ca8d614123eb,Poonindie
29466fbb-5460-485e-83fb-c544b53beffc,150958,19a2f2c6-6bc4-4401-b369-75a115e2b091,Dutton Bay West
2bce6f3b-6b7d-4173-8ee4-9e4705ac43af,Biocycle,64109b60-2a40-4553-93de-0230c3700b3d,Arno Bay
2c92f5e7-2e6c-4bfa-8c82-69e02a9a2d65,140500,b4e26985-65e4-46ce-943c-39cc2a1688be,Port Augusta West
2dad0384-1a90-4031-b66a-ab9efc5b6ecf,160185,66073ef7-973e-4805-9184-df4ef631fcc3,Cowell
3005d3d0-0efe-4c48-9159-9209bc1af361,150813,4b04ade0-df07-4009-902c-a73d754e65d4,Whyalla Jenkins
336220a1-c265-4ea6-9d16-e4ca647f2843,140178,b4e26985-65e4-46ce-943c-39cc2a1688be,Port Augusta West
3488f98e-057e-49ca-a357-0a53c0ae0ccd,160184,dc2905b3-7d34-4654-87ac-31a4476bf2ff,Poonindie
3689307a-68ef-49d6-b17e-e892e7c0e85d,140456,b4e26985-65e4-46ce-943c-39cc2a1688be,Port Augusta West
3dde7ebe-2882-45cd-810c-d71e96a43e9d,140439,b4e26985-65e4-46ce-943c-39cc2a1688be,Port Augusta West
3e59ad9c-9ea7-4335-a2a3-f096b93e1e18,1234567890,c0167e2e-b618-429d-af75-2aee66f31be2,Boston
428c68e7-87a8-4ed8-9016-dc206741b021,140503,b1abb834-9ba9-4fe4-90f3-727107d48861,Port Augusta West
438d0875-f633-45b2-a1d5-ad7d5841b77e,1234567890,11596156-9b15-45ed-b286-d096c9324747,Yeelana
44337b33-9c64-4a34-86b2-0a593e391c14,150234,a5693527-a55b-4e30-9c8f-66c9e4a32453,Ceduna Waters
44e15dd1-fdd3-4933-8814-6912b119b636,1417413151,212ef7e1-101f-4fbf-b65d-1150250768c8,Streaky Bay
46729461-ba0e-45ae-a7ad-44186b7e0b6a,170268,6897679d-9fb5-4175-8de6-2d5d36fe4a2f,Poonindie
47ed3bf6-b769-4b67-8579-e258f03f5208,140498,b4e26985-65e4-46ce-943c-39cc2a1688be,Port Augusta West
4ab7b3e0-30d5-4b2b-8be7-4674954ae1e5,150231,26b41c55-2a04-43f3-a8fc-e0ee12d0ea60,Pt Kenny
4aeb0d91-0771-48ca-a561-f130fae2955f,140584,b4e26985-65e4-46ce-943c-39cc2a1688be,Port Augusta West
528f51ea-8896-404b-850f-fd797d85c6b8,140461,e2eb1cf8-c1b3-485d-9b30-ca8622edb9d2,Port Augusta West
54f43e22-329f-4379-b5ce-deff29d41a49,150318,b4e26985-65e4-46ce-943c-39cc2a1688be,Port Augusta West
55d87283-3926-40cf-a025-7d856301ee78,150587,18cc498c-41fd-4fad-9f71-18fe4fe966ec,Wuddina
578b97ba-96d9-49f4-a0aa-a7b54e65e2ca,170831,5477f90f-5822-48b8-8ab5-ca823f03e61a,Poonindie
58ad0d0c-6954-4a4c-b3ac-b22518123d77,150814,6ff0f2de-c2f6-4fe1-a2a9-2955b8935415,Ceduna Waters
59184695-1a28-4035-b8c6-7418f92aeee5,160075,00d817ee-2877-4150-b2c1-07e1f334641c,Boston
592fc6eb-2bef-4c45-8fa6-f7f257730c96,160218,,Lipson
5af071b3-d93b-4cf8-a632-e16fe5b1d71c,160141,a93f01fc-a963-418a-8441-4f38ec90a6d8,"Gumhill Estate, Port Lincoln"
5b6a48e1-29ed-4b97-8d69-0e54188d0e82,170506,c6fb6613-39d3-40d1-ba36-a97112963aba,Elliston
5bb2a5e1-03c6-4426-97a4-e9b262bf78ca,150314,b4e26985-65e4-46ce-943c-39cc2a1688be,Port Augusta West
5f2109de-3609-4f12-92ba-e3a289625673,150959,8338b6be-4982-4636-810c-f5325e596693,Endeavour Heights
637de094-435b-4477-92f5-4b0502ef6e3b,140579,b4e26985-65e4-46ce-943c-39cc2a1688be,Port Augusta West
653c9a41-cbcd-4159-8ca8-1cc6d1adad5a,140455,b4e26985-65e4-46ce-943c-39cc2a1688be,Port Augusta West
66ef337a-1fa7-45c1-9a64-7553cea2854f,170835,9f8f12f8-5950-4dfd-a508-b91b18174998,Boston
670d2c0e-d077-4636-84fd-28cf15b2489a,1234567890,a5b1b8c7-68f5-4a41-95cd-ecc1f7d06a8d,Wanilla
67cde094-260b-451c-8ea2-035989c36efe,1234567890,e87db67a-c976-495d-a734-3989ed73e0fd,Ceduna Waters
683dc7d7-4050-4509-870f-1b749d77fdb2,1325612236,98b885ef-6d8a-4af4-8b3b-fd1965b91da5,Stirling North
686f88d6-3451-4076-9040-1ef63d11e795,140772,e4d5be8b-0571-4b8f-bdb7-2742ebc2a5f1,Buckleboo
6944d022-1eb5-43c3-8ba8-5777bfc83ff4,1670715677,f3c4537f-d632-4729-851a-4cb36a5fc1b9,Streaky Bay
6970d610-ab46-4178-926d-66c84574fd7b,170500,50924a5e-bce0-47e6-a88b-fac3a94a0794,
6dcbb5b0-e490-4bd5-a80a-92febc9ab042,1329812278,d0477ccc-f98c-44a1-8da3-6575fd2e4603,Boston
7079f7b5-9848-4d42-935a-98f81417fb41,1234567890,29d46486-329c-4209-9353-19005f632c78,Ceduna Waters
708577fa-8411-4aa5-8786-02b82f03a518,1234567890,8a6a0473-7099-42e7-8b83-729227f212d6,Poonindie
713650ed-4c0c-41b5-a31f-3080fda8ddac,150321,b4e26985-65e4-46ce-943c-39cc2a1688be,Port Augusta West
7316f560-3285-4112-a451-b77ca99dbd89,140502,f90b156e-6c45-4840-9cbe-2bb57adfdbe1,Port Augusta West
748d0673-ce29-4371-8a93-80a4a63a12bb,160735,28c3d384-b69b-11e5-a3ef-ca8d614123eb,Port Lincoln
7497ada2-4c20-4acc-8853-62fd6d309bd2,140472,b4e26985-65e4-46ce-943c-39cc2a1688be,Port Augusta West
7739244d-ca77-4737-b39b-1f36ef18e4be,1234567890,ba0cc87e-5524-4901-91e5-7c751a6ea485,Tiatuckia
7bd869cf-c555-40f7-a21f-1c161784fad2,140457,b4e26985-65e4-46ce-943c-39cc2a1688be,Port Augusta West
7c68090d-1b38-4557-b16d-81807a39d63e,1511414088,a4cd1463-598d-43ce-8165-5933e7873e67,Stirling North
7e5413bc-7aa0-489c-b54e-af717d8fdae2,140451,b4e26985-65e4-46ce-943c-39cc2a1688be,Port Augusta West
7f42de74-fc06-4297-b020-5bb7322569c5,1234567890,ba8fb91c-9b59-4232-b48e-307a83a53c28,Stirling North
7f80e356-d208-4c4e-bdbd-8fc9bce4352a,150322,b4e26985-65e4-46ce-943c-39cc2a1688be,Port Augusta West
80137102-0d92-4a4f-8f0e-8fdcc5697107,150810,69b52774-afcd-4fa2-af56-bf8f08fff235,Lipson
82bae5d3-eefd-4bb1-8b9a-b3ec03148acf,150273,b4e26985-65e4-46ce-943c-39cc2a1688be,Port Augusta West
8316bdf4-5556-4d6f-8556-1bf44e2519de,Non Ozzikleen,38520be7-dcf2-415f-a917-94e5ab53b223,Elliston
8446f5e0-f1c0-4d98-b5f4-f6d6bbc73730,150961,bae24230-ab3c-49f5-995f-ddf507260963,Whyalla
87cbd9ff-ff5f-4cba-8451-f9d7df0fefed,140471,b4e26985-65e4-46ce-943c-39cc2a1688be,Port Augusta West
89e5982c-b441-4a38-86df-7a0c4d54486f,170268,f6ade8a1-a451-4c62-b0a2-61b29b8d420a,Poonindie
8dd11c3d-2a1c-467c-b6f0-6b50b2a70306,160034,76e67da9-cb05-4213-afe5-4835b1f9db1a,Farm Beach
945b1ace-4d13-42f9-b085-4c372b4d253a,140479,be5ecee2-d44a-4dbb-b8ce-25ae2d137958,Port Augusta West
96be7697-b821-4705-8f4f-8e4c1f29538d,1234567890,911aa368-23e0-4739-bb56-7d7683b1b4bc,Commissariate Point
9ab96f78-d049-4cc6-98eb-7e70f6713725,170500,50924a5e-bce0-47e6-a88b-fac3a94a0794,Ceduna Waters
9b2d7f4c-bb38-4448-96fa-225ba4e0771b,160567,110cb959-5450-4d6a-bc21-4bef04b2aefd,Yaninee
9f084bcc-2267-481b-bbe1-282b14ce40b6,140381,50432fc3-216f-449a-a284-273018589930,Port lincoln
a15c5b47-364e-4cb6-8a4d-657be96c35e0,150365,bae24230-ab3c-49f5-995f-ddf507260963,Whyalla
a2388a7f-7e06-400f-bd32-9aa3e591969c,140585,735fd934-ed75-410c-8194-56849f25ebb8,Port Augusta West
a5130758-a4db-4437-9947-ed2bbabbd246,170265,f3cc154f-c5e6-4d61-9c94-3593eb3503ec,Port Kenny
a55f7afa-7386-4597-942e-7557a69b3440,160736,8b7d1e53-4774-488b-8e6b-9eab5e0300e7,Calca
a6db7c3d-76fb-462b-8a05-eef7128e2ace,140473,47a63d81-a72e-412e-9e96-e0550f024a87,Port Augusta West
a749ad4a-649c-4dce-b771-f6e043a1e935,140582,b4e26985-65e4-46ce-943c-39cc2a1688be,Port Augusta West
acd36599-b09a-4a64-b1cb-665acfbe340b,150957,d3b691ad-e424-4adc-82a4-296cdff7cf55,Boston
ada76493-146b-48a9-9bc6-f9a39deb53f2,150808,d8fd9432-5549-436d-85ef-0071e861c68e,Dutton Bay West
aee44874-d8e1-4617-aa82-9bac713e0fa3,88588686,833f9ec2-0aca-405c-aeb9-0a202f79bc75,Yeelannna
af0d3da1-7657-4008-a215-802051d5b152,1234567890,,Port lincoln
b67cebc7-a73d-47a9-b3c9-00cf8640e187,1234567890,ee3f89d3-ca6e-47c0-aff9-63bdd6ae0346,Stirling North
b795d6f2-209e-42ac-8b1b-1b6c37e5697d,1778216752,a77a0c3d-b4cd-4a90-a72c-33c634456795,Poonindie
ba6a19a1-a2f8-4d56-98ca-0a1e3b949bf1,160471,1cc46439-f803-4206-93bf-f3d5d3b0ac99,Caralue
bb4a781b-4e04-4342-a014-6dd1a765ea86,160566,62e6b1dc-708b-46b8-845e-66bc6c7f7068,Boston
bc760611-b5eb-4799-9e29-85724c13c00a,160477,e45f3c62-8148-495e-8fce-569dbd64aacc,Tumby Bay
c1d2541e-ab9e-4217-ab16-ee00af946fee,160026,ee630969-8274-44e2-af24-d92b498cd96c,Endeavour Heights 2
c6fff58f-26a1-49c5-b41a-cd42a6d33c0e,150319,b4e26985-65e4-46ce-943c-39cc2a1688be,Port Augusta West
c773bb24-a696-4f15-a0af-2c94e6bb8aa6,140477,b4e26985-65e4-46ce-943c-39cc2a1688be,Port Augusta West
c84503c1-1f50-4be8-8927-1171afbd389a,160476,3fc8ce6d-22b2-4090-a21a-f22347277a31,Endeavour Heights 2
cb7fdb8e-8058-4455-934c-ff0987d29f60,160063,28c643d0-b69b-11e5-a3ef-ca8d614123eb,Ceduna
cbc50399-b9c6-4f8b-9a3b-2fc726327f20,170832,c0e78060-a3b7-464f-9886-1121e48ac95d,Endeavour Heights 2
cc2b4474-1080-4a04-95a9-5f1d0bbe6efd,0987654321,1522b1b6-cb10-4297-8b27-7b99b8288ba3,Port lincoln
d46e9cd0-3632-47bc-91c5-4741e9c56543,170830,da8b8aae-6a9e-4522-8fab-4740c4a95489,
d4aa5e04-1286-4d28-9564-bd9d98146369,140194,28ca2fae-b69b-11e5-a3ef-ca8d614123eb,Boston
d5842f1b-be3f-4e13-9595-f95ad6e0f727,46334522 P.O. J vincent,59890a95-1b8c-41b8-a79a-7d2e46394183,Port Lincoln
d72977fa-747b-4911-aa7e-e680d57d25bb,150271,735fd934-ed75-410c-8194-56849f25ebb8,Port Augusta West
d93feeb6-888d-467c-8a28-d4121c3a72d8,150963,0d23dcfb-a0fb-40eb-bf7a-60078a29b89e,Polda
d97e56d2-ec5b-40ca-8979-dbc5928d7f92,160507,893bb2a2-b021-47ce-aefc-7562953f6415,EH2 Boston
d9ab9344-0d3d-4d34-ac6f-13b2f104c3a8,150309,b4e26985-65e4-46ce-943c-39cc2a1688be,Port Augusta West
daaf926e-9fc3-4c32-ba0d-04b1208a3553,1399712975,ee145f81-c4e5-4888-b517-d26d2e715799,Port Augusta West
dad7a512-8583-410a-bbcf-6ccff7a8895e,50654942,4723d289-56d4-47a2-a822-937172c5f07c,Endeavour Heights 2
db4af573-843f-4ff6-a010-d0b04cf7fb6a,170827,823f0b24-6038-4814-b1e9-a19ec0957bfe,Endeavour Heights 2
e0e2a7b3-be43-4a34-96e0-da2add72e940,1404313021,fd487c86-fa99-45f9-810b-2c80c0912a8e,Port Lincoln
e0e5d2e5-8b27-4b51-b7bf-bfeb0e61055d,180169,c78614b3-b50a-4244-8c5b-105d76790608,Ceduna Waters
e2d5e880-d0dc-42f4-b3ed-1f5313ceff63,150230,e95b847a-454e-496e-8f00-38da0271bccf,Boston
e42b7d22-6489-4ea5-80f4-1129314a1d4b,1157211369,28bf0db8-b69b-11e5-a3ef-ca8d614123eb,Port Lincoln
e4cb2b5f-b69b-4c10-af68-85f0c2efae83,1234567890,99af2bf8-c446-486f-985f-3bc0d825b13f,Lipson
e641153a-adb7-49bc-8a55-ef8473c9b458,150563,2f0dc4c2-18e4-4f02-8ba5-ff860d8852f5,Streaky Bay
e6b2978c-2b6f-4300-9cfe-509ec3880f48,1775316723,f6c5d84b-8a39-475a-99c1-0f57ed3afffa,Ceduna Waters
e86dfbf1-9621-4e05-aa34-b221c2cce4dd,160026,,Endeavour Heights
ec65af41-1495-4707-911e-d432db23534e,160475,afe665e1-e353-46d4-bb36-2a250e5ce5a5,Darke Peak
ef6c7dcc-fd72-4dba-bf28-b88b508b11e2,140583,b4e26985-65e4-46ce-943c-39cc2a1688be,Port Augusta West
f576d1fa-14a9-48c7-93ea-09204e9d2819,170264,a795c15c-a7f2-4e2b-89d7-ba95c9e455ff,Yallunda Flat
f70365e6-4591-4051-b53d-94f9157294cc,160474,bd8036f3-1909-42c7-80c2-01dad77013ce,Endeavour heights
f798499c-1d47-4cae-b6f6-be0db695d30f,82728104,bf983204-e403-4b6f-a873-76bf8bb84055,Whyalla Jenkins
f9199291-662e-480d-887a-16975a24edbf,150228,9b4bbd00-ac4f-4af0-9cb4-3ffa33b74b44,Tiatuckia
fc3b1f4d-fac5-45dc-ad1e-62eacf5d386d,150811,28cdfc9a-78db-4afd-ad19-e755b5811940,Tiatuckia
fcc71d89-fe69-4a48-bd37-420ebc3e8c1e,,f4360575-a1c1-4bbc-9f93-9ac3bd5d87ff,Ceduna
fdb299d1-e79f-488c-b021-20b24d9cfd9c,170267,21856bc6-19dc-440b-8dd3-0d3049f205e4,Streaky Bay
ff5c2eb2-62bf-492c-9033-d18684e425ce,160569,79ae1770-796e-4334-b503-a9f51c006225,Tiatuckkia
